text@vei1976f	@vei1976f	6.476	14.995	ммм ну вот сейчас наверное / сорок // года / три назад может быть // да я вообще на самом деле только щас стала думать о том что я красивая //
text@vei1976f	@vei1976f	17.283	23.222	ну как-то / стала думать боже мой / я такая / красивая // ну могу подойти к зераклу и сказать / ах //
text@vei1976f	@vei1976f	25.331	25.68	да //
text@vei1976f	@vei1976f	31.261	33.137	а щас я стала раздеваться //
text@vei1976f	@vei1976f	33.155	34.091	#смеется#
text@vei1976f	@vei1976f	34.111	52.898	давай пошутим // ведь все ... опять / н... ну я должна щас себя / начать эээ / как бы хвалить / а давай просто пошутим на эту тему // расскажу тебе смешную историю тоже // как-то я мм аа должна была / гм играть / в спектакле у потрясающего совершенно режиссёра который впервые ставил в театре / может быть ты видела этот спектакль / братья //
text@vei1976f	@vei1976f	52.917	53.079	да //
text@vei1976f	@vei1976f	55.379	83.466	и / значит // он мне говорит надо здесь... прям на сцене надо переодеваться / прям на сцене я говорю // это не ко мне / а мы близкие друзья / с Лёшей Мизгирёвым // и он / мне сказал / ты дура? / через пять лет тебе уже никто не предложит // да / так что / ээ можно шутить на эту тему потому что я щас стала думать ну мне реально уже никто не предложит видимо / надо быстрее //
text@vei1976f	@vei1976f	83.475	84.668	#смеется#
text@vei1976f	@vei1976f	94.281	100.935	а у... у Юли ви... и... видишь какая-то есть э... чудесная европейская... какое-то отношение к... к этому делу //
text@vei1976f	@vei1976f	101.485	101.896	мыгы //
text@vei1976f	@vei1976f	104.979	134.911	вообще я очень... ну как бы я думаю только о том что я голая / больше ни о чём // ну как... вообще больше ни о чем не могу думать / но для меня должно быть... если это случается допустим в кадре... то это должно быть очень оправданно / я должна понимать почему / не просто ради того чтобы / щас потом написали / а в нашей картине снялась Исакова голая // полностью / хы / и еще потом на этом сделать всю рекламную компанию хы / нет не для этого / а я должна понимать почему //
text@vei1976f	@vei1976f	138.567	138.888	да //
text@vei1976f	@vei1976f	139.461	218.046	ну это тоже ерунда потому что зритель же воспринимает э... это м.. не как это те... части дублёра / зритель же воспринимает это как твои части но э там дело в том... у меня была тоже однажды история когда мне / прислали сценарий и я / ужасно его ждала / и ужасно хотела / ммм... и ... у... и такая ещё д... до того как получила этот сценарий сидела / и думала / господи господи я так хочу какой-нибудь классный сценарий / так хочу чтобы было что-то... что-то // что так давно ничего интересного... и вдруг мне присылает режиссёр / можно не буду говорить его фамилию но / присылает мне сценарий / и говорит так почитай / но ничего сразу мне не говори / просто чуть поживи с этим // я читаю и понимаю что героиня всё время голая / и я сказала я не могу // он мне сказал ну ч... что за ерунда / вообще какой-то бред // ну / хочешь мы все разденемся... на площадке будут все голые / что тебя смущает? говорю я не могу вообще я / ну не могу / ну не понимаю как // ну потом я все думала / вот у меня не очень красиво здесь / не очень красиво там / какой бред / почему как я буду потом смущаться видеть это на экране и думать боже я такая страшная и это все видят теперь // а щас я вдруг стала красивая и теперь можно всем показать //
text@vei1976f	@vei1976f	222.274	250.154	ой я еще знаешь э / это тоже ммм / наверное в сорок появилось / аа я еще всегда думала / что / это прям / тоже была моя навящевая идея такая / что я такой / вид шарлатана / что я как-то так всех обманула // да / да? так называется? / как я так всех обманула чудесным образом / что все думают что я //
text@vei1976f	@vei1976f	253.643	316.698	даже не так давно когда вот вся эта история с эм интернетом так стала явна когда каждый может написать какой-то в к... комментарий / там и что-то и тогда можно прочитать да она вообще кусок... #пру# / что эт / кто это ? / да если бы не ее муж / да никогда б / посмотрите какая она страшная / да у нее там это и ты читаешь и думаешь / о / вот этот чет меня раскусил // вот / а как-то я всех обманула / и щас я вот приду / и все ждут от меня...  все ж знают / д думают что я такая классная / и я щас приду / и ничего не смогу сделать / и наконец-то все узнают / правду // и я с вот этим / справилась наверное ну не так давно / и у меня по-прежнему рефлексия никуда не девается и по-прежнему ты мучаешься и у тебя не получается и ты там... я часто очень себе говорю господи ну как… ну какая элементарная вещь почему я не понимаю как ее сделать или потом смотрю кино и думаю / ооо / почему я не сделала по-другому / там что-то… эта рефлексия никуда не девается но вот этот комплекс самозванца он как-то / заглох // подзатих //
text@vei1976f	@vei1976f	325.665	329.468	нет таких / нету таких зо... областей //
text@vei1976f	@vei1976f	335.814	338.675	ну / м... могла бы быть и лучшей / я думаю //
text@vei1976f	@vei1976f	342.012	347.482	очень надеюсь что хорошая // я очень / стараюсь //
text@iys1984f	@iys1984f	0.4	5.629	а был момент когда ты вот точно поняла что я себя полюбила / в том возрасте в котором я нахожусь? //
text@iys1984f	@iys1984f	23.808	24.73	только щас / Вик? //
text@iys1984f	@iys1984f	25.334	32.644	связано ли это... вот был мой вопрос... там же в том же интервью ты говоришь что я никогда не раздеваюсь в кино / и все твои последние работы //
text@iys1984f	@iys1984f	35.307	35.823	нуу //
text@iys1984f	@iys1984f	52.01	52.307	братья? //
text@iys1984f	@iys1984f	52.774	55.029	да я смотрела это очень красиво выглядит //
text@iys1984f	@iys1984f	65.633	65.95	мыгы //
text@iys1984f	@iys1984f	67.845	68.019	да //
text@iys1984f	@iys1984f	75.032	76.205	#смеется#
text@iys1984f	@iys1984f	84.843	94.195	а что у тебя срабатывало? ну просто обычно / актрисы... как бы / ну кого я вспоминаю / Юлию Ауг у меня тут сидела которая говорит что это инструмент и если меня режиссёр попросит //
text@iys1984f	@iys1984f	100.246	101.305	а у тебя стеснение? //
text@iys1984f	@iys1984f	102.042	104.975	ты стесняешься / а... именно съемочную группу? //
text@iys1984f	@iys1984f	135.339	138.518	а были моменты когда твои части тела играли дублёры? //
text@iys1984f	@iys1984f	212.879	213.375	ты уви... ? //
text@iys1984f	@iys1984f	217.691	221.728	о чём ты / еще о себе узнала в сорок? // новенького //
text@iys1984f	@iys1984f	240.352	242.893	это комплекс самозванца называется / да? //
text@iys1984f	@iys1984f	251.014	252.14	хорошая актриса / да? //
text@iys1984f	@iys1984f	317.07	324.891	объясни мне в какой области своей жизни ты на все сто процентов / любишь себя уверена в себе / и как... прям гордишься собой? //
text@iys1984f	@iys1984f	331.39	332.581	Вик ну ты хорошая жена? //
text@iys1984f	@iys1984f	339.237	339.999	а мама? //
text@iys1984f	@iys1984f	344.232	344.61	#смеется#
words@vei1976f	@vei1976f	6.476	6.662	ммм
words@vei1976f	@vei1976f	6.662	6.827	ну
words@vei1976f	@vei1976f	6.827	7.007	вот
words@vei1976f	@vei1976f	7.007	7.498	сейчас
words@vei1976f	@vei1976f	7.498	8.149	наверное
words@vei1976f	@vei1976f	8.149	9.593	сорок
words@vei1976f	@vei1976f	9.593	10.75	года
words@vei1976f	@vei1976f	10.75	11.045	три
words@vei1976f	@vei1976f	11.045	11.478	назад
words@vei1976f	@vei1976f	11.478	11.912	может
words@vei1976f	@vei1976f	11.912	12.503	быть
words@vei1976f	@vei1976f	12.503	12.602	да
words@vei1976f	@vei1976f	12.602	12.698	я
words@vei1976f	@vei1976f	12.698	12.82	вообще
words@vei1976f	@vei1976f	12.82	12.942	на
words@vei1976f	@vei1976f	12.942	13.067	самом
words@vei1976f	@vei1976f	13.067	13.176	деле
words@vei1976f	@vei1976f	13.176	13.378	только
words@vei1976f	@vei1976f	13.378	13.58	щас
words@vei1976f	@vei1976f	13.58	13.782	стала
words@vei1976f	@vei1976f	13.782	13.984	думать
words@vei1976f	@vei1976f	13.984	14.121	о
words@vei1976f	@vei1976f	14.121	14.235	том
words@vei1976f	@vei1976f	14.235	14.363	что
words@vei1976f	@vei1976f	14.363	14.562	я
words@vei1976f	@vei1976f	14.562	14.995	красивая
words@vei1976f	@vei1976f	17.283	17.472	ну
words@vei1976f	@vei1976f	17.472	18.267	как-то
words@vei1976f	@vei1976f	18.267	18.511	стала
words@vei1976f	@vei1976f	18.511	18.784	думать
words@vei1976f	@vei1976f	18.784	18.944	боже
words@vei1976f	@vei1976f	18.944	19.438	мой
words@vei1976f	@vei1976f	19.438	19.524	я
words@vei1976f	@vei1976f	19.524	20.013	такая
words@vei1976f	@vei1976f	20.013	21.221	красивая
words@vei1976f	@vei1976f	21.221	21.323	ну
words@vei1976f	@vei1976f	21.323	21.601	могу
words@vei1976f	@vei1976f	21.601	21.766	подойти
words@vei1976f	@vei1976f	21.766	21.797	к
words@vei1976f	@vei1976f	21.797	22.215	зераклу
words@vei1976f	@vei1976f	22.215	22.414	и
words@vei1976f	@vei1976f	22.414	23.046	сказать
words@vei1976f	@vei1976f	23.046	23.222	ах
words@vei1976f	@vei1976f	25.331	25.68	да
words@vei1976f	@vei1976f	31.261	31.426	а
words@vei1976f	@vei1976f	31.426	31.604	щас
words@vei1976f	@vei1976f	31.604	31.704	я
words@vei1976f	@vei1976f	31.704	32.021	стала
words@vei1976f	@vei1976f	32.021	33.137	раздеваться
words@vei1976f	@vei1976f	33.155	34.091	#смеется#
words@vei1976f	@vei1976f	34.111	34.458	давай
words@vei1976f	@vei1976f	34.458	35.697	пошутим
words@vei1976f	@vei1976f	35.697	35.965	ведь
words@vei1976f	@vei1976f	35.965	36.233	все
words@vei1976f	@vei1976f	36.233	36.501	опять
words@vei1976f	@vei1976f	36.501	36.566	н
words@vei1976f	@vei1976f	36.566	36.663	ну
words@vei1976f	@vei1976f	36.663	36.809	я
words@vei1976f	@vei1976f	36.809	37.109	должна
words@vei1976f	@vei1976f	37.109	37.37	щас
words@vei1976f	@vei1976f	37.37	37.953	себя
words@vei1976f	@vei1976f	37.953	38.41	начать
words@vei1976f	@vei1976f	38.41	39.271	эээ
words@vei1976f	@vei1976f	39.271	39.603	как
words@vei1976f	@vei1976f	39.603	39.809	бы
words@vei1976f	@vei1976f	39.809	40.144	хвалить
words@vei1976f	@vei1976f	40.144	40.289	а
words@vei1976f	@vei1976f	40.289	40.51	давай
words@vei1976f	@vei1976f	40.51	40.772	просто
words@vei1976f	@vei1976f	40.772	41.062	пошутим
words@vei1976f	@vei1976f	41.062	41.339	на
words@vei1976f	@vei1976f	41.339	41.457	эту
words@vei1976f	@vei1976f	41.457	42.087	тему
words@vei1976f	@vei1976f	42.087	42.345	расскажу
words@vei1976f	@vei1976f	42.345	42.505	тебе
words@vei1976f	@vei1976f	42.505	42.791	смешную
words@vei1976f	@vei1976f	42.791	43.212	историю
words@vei1976f	@vei1976f	43.212	43.766	тоже
words@vei1976f	@vei1976f	43.766	44.037	как-то
words@vei1976f	@vei1976f	44.037	44.406	я
words@vei1976f	@vei1976f	44.406	44.716	мм
words@vei1976f	@vei1976f	44.716	45.046	аа
words@vei1976f	@vei1976f	45.046	45.389	должна
words@vei1976f	@vei1976f	45.389	45.878	была
words@vei1976f	@vei1976f	45.878	46.281	гм
words@vei1976f	@vei1976f	46.281	46.841	играть
words@vei1976f	@vei1976f	46.841	47.545	в
words@vei1976f	@vei1976f	47.545	48.087	спектакле
words@vei1976f	@vei1976f	48.087	48.305	у
words@vei1976f	@vei1976f	48.305	48.797	потрясающего
words@vei1976f	@vei1976f	48.797	49.175	совершенно
words@vei1976f	@vei1976f	49.175	49.552	режиссёра
words@vei1976f	@vei1976f	49.552	49.88	который
words@vei1976f	@vei1976f	49.88	50.19	впервые
words@vei1976f	@vei1976f	50.19	50.497	ставил
words@vei1976f	@vei1976f	50.497	50.804	в
words@vei1976f	@vei1976f	50.804	51.112	театре
words@vei1976f	@vei1976f	51.112	51.214	может
words@vei1976f	@vei1976f	51.214	51.317	быть
words@vei1976f	@vei1976f	51.317	51.473	ты
words@vei1976f	@vei1976f	51.473	51.685	видела
words@vei1976f	@vei1976f	51.685	51.859	этот
words@vei1976f	@vei1976f	51.859	52.246	спектакль
words@vei1976f	@vei1976f	52.246	52.898	братья
words@vei1976f	@vei1976f	52.917	53.079	да
words@vei1976f	@vei1976f	55.379	55.881	и
words@vei1976f	@vei1976f	55.881	57.352	значит
words@vei1976f	@vei1976f	57.352	57.476	он
words@vei1976f	@vei1976f	57.476	57.585	мне
words@vei1976f	@vei1976f	57.585	57.785	говорит
words@vei1976f	@vei1976f	57.785	58.192	надо
words@vei1976f	@vei1976f	58.192	58.722	здесь
words@vei1976f	@vei1976f	58.722	58.934	прям
words@vei1976f	@vei1976f	58.934	59.081	на
words@vei1976f	@vei1976f	59.081	59.302	сцене
words@vei1976f	@vei1976f	59.302	59.498	надо
words@vei1976f	@vei1976f	59.498	60.414	переодеваться
words@vei1976f	@vei1976f	60.414	60.548	прям
words@vei1976f	@vei1976f	60.548	60.604	на
words@vei1976f	@vei1976f	60.604	60.825	сцене
words@vei1976f	@vei1976f	60.825	60.95	я
words@vei1976f	@vei1976f	60.95	64.648	говорю
words@vei1976f	@vei1976f	64.648	64.81	это
words@vei1976f	@vei1976f	64.81	64.981	не
words@vei1976f	@vei1976f	64.981	65.109	ко
words@vei1976f	@vei1976f	65.109	66.676	мне
words@vei1976f	@vei1976f	66.676	66.806	а
words@vei1976f	@vei1976f	66.806	66.94	мы
words@vei1976f	@vei1976f	66.94	67.137	близкие
words@vei1976f	@vei1976f	67.137	68.333	друзья
words@vei1976f	@vei1976f	68.333	68.693	с
words@vei1976f	@vei1976f	68.693	69.053	Лёшей
words@vei1976f	@vei1976f	69.053	70.19	Мизгирёвым
words@vei1976f	@vei1976f	70.19	70.292	и
words@vei1976f	@vei1976f	70.292	70.593	он
words@vei1976f	@vei1976f	70.593	71.311	мне
words@vei1976f	@vei1976f	71.311	72.137	сказал
words@vei1976f	@vei1976f	72.137	72.258	ты
words@vei1976f	@vei1976f	72.258	73.283	дура
words@vei1976f	@vei1976f	73.283	73.554	через
words@vei1976f	@vei1976f	73.554	73.676	пять
words@vei1976f	@vei1976f	73.676	73.884	лет
words@vei1976f	@vei1976f	73.884	74.034	тебе
words@vei1976f	@vei1976f	74.034	74.196	уже
words@vei1976f	@vei1976f	74.196	74.345	никто
words@vei1976f	@vei1976f	74.345	74.482	не
words@vei1976f	@vei1976f	74.482	77.249	предложит
words@vei1976f	@vei1976f	77.249	77.828	да
words@vei1976f	@vei1976f	77.828	78.062	так
words@vei1976f	@vei1976f	78.062	78.785	что
words@vei1976f	@vei1976f	78.785	79.093	ээ
words@vei1976f	@vei1976f	79.093	79.209	можно
words@vei1976f	@vei1976f	79.209	79.753	шутить
words@vei1976f	@vei1976f	79.753	79.841	на
words@vei1976f	@vei1976f	79.841	80.024	эту
words@vei1976f	@vei1976f	80.024	80.342	тему
words@vei1976f	@vei1976f	80.342	80.433	потому
words@vei1976f	@vei1976f	80.433	80.507	что
words@vei1976f	@vei1976f	80.507	80.718	я
words@vei1976f	@vei1976f	80.718	80.929	щас
words@vei1976f	@vei1976f	80.929	81.14	стала
words@vei1976f	@vei1976f	81.14	81.351	думать
words@vei1976f	@vei1976f	81.351	81.562	ну
words@vei1976f	@vei1976f	81.562	81.679	мне
words@vei1976f	@vei1976f	81.679	81.813	реально
words@vei1976f	@vei1976f	81.813	81.956	уже
words@vei1976f	@vei1976f	81.956	82.112	никто
words@vei1976f	@vei1976f	82.112	82.458	не
words@vei1976f	@vei1976f	82.458	82.71	предложит
words@vei1976f	@vei1976f	82.71	82.962	видимо
words@vei1976f	@vei1976f	82.962	83.214	надо
words@vei1976f	@vei1976f	83.214	83.466	быстрее
words@vei1976f	@vei1976f	83.475	84.668	#смеется#
words@vei1976f	@vei1976f	94.281	94.613	а
words@vei1976f	@vei1976f	94.613	94.945	у
words@vei1976f	@vei1976f	94.945	95.277	у
words@vei1976f	@vei1976f	95.277	95.609	Юли
words@vei1976f	@vei1976f	95.609	95.701	ви
words@vei1976f	@vei1976f	95.701	95.774	и
words@vei1976f	@vei1976f	95.774	96.033	видишь
words@vei1976f	@vei1976f	96.033	96.338	какая-то
words@vei1976f	@vei1976f	96.338	96.755	есть
words@vei1976f	@vei1976f	96.755	97.172	э
words@vei1976f	@vei1976f	97.172	97.589	чудесная
words@vei1976f	@vei1976f	97.589	98.448	европейская
words@vei1976f	@vei1976f	98.448	98.727	какое-то
words@vei1976f	@vei1976f	98.727	99.551	отношение
words@vei1976f	@vei1976f	99.551	99.81	к
words@vei1976f	@vei1976f	99.81	99.86	к
words@vei1976f	@vei1976f	99.86	100.397	этому
words@vei1976f	@vei1976f	100.397	100.935	делу
words@vei1976f	@vei1976f	101.485	101.896	мыгы
words@vei1976f	@vei1976f	104.979	105.327	вообще
words@vei1976f	@vei1976f	105.327	105.675	я
words@vei1976f	@vei1976f	105.675	106.023	очень
words@vei1976f	@vei1976f	106.023	106.149	ну
words@vei1976f	@vei1976f	106.149	106.279	как
words@vei1976f	@vei1976f	106.279	106.402	бы
words@vei1976f	@vei1976f	106.402	106.524	я
words@vei1976f	@vei1976f	106.524	106.76	думаю
words@vei1976f	@vei1976f	106.76	106.907	только
words@vei1976f	@vei1976f	106.907	106.946	о
words@vei1976f	@vei1976f	106.946	107.218	том
words@vei1976f	@vei1976f	107.218	107.405	что
words@vei1976f	@vei1976f	107.405	107.501	я
words@vei1976f	@vei1976f	107.501	108.498	голая
words@vei1976f	@vei1976f	108.498	108.75	больше
words@vei1976f	@vei1976f	108.75	108.823	ни
words@vei1976f	@vei1976f	108.823	108.936	о
words@vei1976f	@vei1976f	108.936	111.029	чём
words@vei1976f	@vei1976f	111.029	111.192	ну
words@vei1976f	@vei1976f	111.192	111.362	как
words@vei1976f	@vei1976f	111.362	111.647	вообще
words@vei1976f	@vei1976f	111.647	111.86	больше
words@vei1976f	@vei1976f	111.86	111.95	ни
words@vei1976f	@vei1976f	111.95	112.046	о
words@vei1976f	@vei1976f	112.046	112.083	чем
words@vei1976f	@vei1976f	112.083	112.289	не
words@vei1976f	@vei1976f	112.289	112.508	могу
words@vei1976f	@vei1976f	112.508	112.98	думать
words@vei1976f	@vei1976f	112.98	113.126	но
words@vei1976f	@vei1976f	113.126	113.312	для
words@vei1976f	@vei1976f	113.312	113.495	меня
words@vei1976f	@vei1976f	113.495	113.827	должно
words@vei1976f	@vei1976f	113.827	114.091	быть
words@vei1976f	@vei1976f	114.091	114.617	если
words@vei1976f	@vei1976f	114.617	114.92	это
words@vei1976f	@vei1976f	114.92	115.319	случается
words@vei1976f	@vei1976f	115.319	115.817	допустим
words@vei1976f	@vei1976f	115.817	116.013	в
words@vei1976f	@vei1976f	116.013	116.611	кадре
words@vei1976f	@vei1976f	116.611	117.008	то
words@vei1976f	@vei1976f	117.008	117.219	это
words@vei1976f	@vei1976f	117.219	117.431	должно
words@vei1976f	@vei1976f	117.431	117.604	быть
words@vei1976f	@vei1976f	117.604	117.94	очень
words@vei1976f	@vei1976f	117.94	118.95	оправданно
words@vei1976f	@vei1976f	118.95	119.056	я
words@vei1976f	@vei1976f	119.056	119.352	должна
words@vei1976f	@vei1976f	119.352	119.87	понимать
words@vei1976f	@vei1976f	119.87	121.021	почему
words@vei1976f	@vei1976f	121.021	121.162	не
words@vei1976f	@vei1976f	121.162	121.356	просто
words@vei1976f	@vei1976f	121.356	121.612	ради
words@vei1976f	@vei1976f	121.612	121.883	того
words@vei1976f	@vei1976f	121.883	122.427	чтобы
words@vei1976f	@vei1976f	122.427	122.745	щас
words@vei1976f	@vei1976f	122.745	122.973	потом
words@vei1976f	@vei1976f	122.973	123.751	написали
words@vei1976f	@vei1976f	123.751	123.925	а
words@vei1976f	@vei1976f	123.925	124.213	в
words@vei1976f	@vei1976f	124.213	124.423	нашей
words@vei1976f	@vei1976f	124.423	125.311	картине
words@vei1976f	@vei1976f	125.311	125.965	снялась
words@vei1976f	@vei1976f	125.965	126.495	Исакова
words@vei1976f	@vei1976f	126.495	127.809	голая
words@vei1976f	@vei1976f	127.809	128.601	полностью
words@vei1976f	@vei1976f	128.601	128.977	хы
words@vei1976f	@vei1976f	128.977	129.065	и
words@vei1976f	@vei1976f	129.065	129.225	еще
words@vei1976f	@vei1976f	129.225	129.5	потом
words@vei1976f	@vei1976f	129.5	129.557	на
words@vei1976f	@vei1976f	129.557	129.869	этом
words@vei1976f	@vei1976f	129.869	130.057	сделать
words@vei1976f	@vei1976f	130.057	130.204	всю
words@vei1976f	@vei1976f	130.204	130.678	рекламную
words@vei1976f	@vei1976f	130.678	131.153	компанию
words@vei1976f	@vei1976f	131.153	132.022	хы
words@vei1976f	@vei1976f	132.022	132.289	нет
words@vei1976f	@vei1976f	132.289	132.388	не
words@vei1976f	@vei1976f	132.388	132.548	для
words@vei1976f	@vei1976f	132.548	133.106	этого
words@vei1976f	@vei1976f	133.106	133.661	а
words@vei1976f	@vei1976f	133.661	133.766	я
words@vei1976f	@vei1976f	133.766	134.04	должна
words@vei1976f	@vei1976f	134.04	134.455	понимать
words@vei1976f	@vei1976f	134.455	134.911	почему
words@vei1976f	@vei1976f	138.567	138.888	да
words@vei1976f	@vei1976f	139.461	139.641	ну
words@vei1976f	@vei1976f	139.641	139.843	это
words@vei1976f	@vei1976f	139.843	140.201	тоже
words@vei1976f	@vei1976f	140.201	140.458	ерунда
words@vei1976f	@vei1976f	140.458	140.568	потому
words@vei1976f	@vei1976f	140.568	140.684	что
words@vei1976f	@vei1976f	140.684	140.923	зритель
words@vei1976f	@vei1976f	140.923	140.983	же
words@vei1976f	@vei1976f	140.983	141.847	воспринимает
words@vei1976f	@vei1976f	141.847	142.083	э
words@vei1976f	@vei1976f	142.083	142.279	это
words@vei1976f	@vei1976f	142.279	142.491	м
words@vei1976f	@vei1976f	142.491	142.614	не
words@vei1976f	@vei1976f	142.614	142.847	как
words@vei1976f	@vei1976f	142.847	143.162	это
words@vei1976f	@vei1976f	143.162	143.358	те
words@vei1976f	@vei1976f	143.358	143.657	части
words@vei1976f	@vei1976f	143.657	144.495	дублёра
words@vei1976f	@vei1976f	144.495	144.661	зритель
words@vei1976f	@vei1976f	144.661	144.87	же
words@vei1976f	@vei1976f	144.87	145.441	воспринимает
words@vei1976f	@vei1976f	145.441	145.694	это
words@vei1976f	@vei1976f	145.694	145.883	как
words@vei1976f	@vei1976f	145.883	146.249	твои
words@vei1976f	@vei1976f	146.249	146.883	части
words@vei1976f	@vei1976f	146.883	147.247	но
words@vei1976f	@vei1976f	147.247	147.455	э
words@vei1976f	@vei1976f	147.455	147.657	там
words@vei1976f	@vei1976f	147.657	148.186	дело
words@vei1976f	@vei1976f	148.186	148.265	в
words@vei1976f	@vei1976f	148.265	148.448	том
words@vei1976f	@vei1976f	148.448	148.507	у
words@vei1976f	@vei1976f	148.507	148.643	меня
words@vei1976f	@vei1976f	148.643	148.861	была
words@vei1976f	@vei1976f	148.861	149.232	тоже
words@vei1976f	@vei1976f	149.232	149.668	однажды
words@vei1976f	@vei1976f	149.668	150.183	история
words@vei1976f	@vei1976f	150.183	150.384	когда
words@vei1976f	@vei1976f	150.384	150.853	мне
words@vei1976f	@vei1976f	150.853	151.301	прислали
words@vei1976f	@vei1976f	151.301	151.725	сценарий
words@vei1976f	@vei1976f	151.725	151.991	и
words@vei1976f	@vei1976f	151.991	152.337	я
words@vei1976f	@vei1976f	152.337	152.71	ужасно
words@vei1976f	@vei1976f	152.71	152.967	его
words@vei1976f	@vei1976f	152.967	153.747	ждала
words@vei1976f	@vei1976f	153.747	154.144	и
words@vei1976f	@vei1976f	154.144	154.592	ужасно
words@vei1976f	@vei1976f	154.592	155.666	хотела
words@vei1976f	@vei1976f	155.666	156.684	ммм
words@vei1976f	@vei1976f	156.684	157.425	и
words@vei1976f	@vei1976f	157.425	158.409	у
words@vei1976f	@vei1976f	158.409	158.662	и
words@vei1976f	@vei1976f	158.662	159.017	такая
words@vei1976f	@vei1976f	159.017	159.372	ещё
words@vei1976f	@vei1976f	159.372	159.865	д
words@vei1976f	@vei1976f	159.865	160.084	до
words@vei1976f	@vei1976f	160.084	160.245	того
words@vei1976f	@vei1976f	160.245	160.363	как
words@vei1976f	@vei1976f	160.363	160.576	получила
words@vei1976f	@vei1976f	160.576	160.735	этот
words@vei1976f	@vei1976f	160.735	161.127	сценарий
words@vei1976f	@vei1976f	161.127	161.871	сидела
words@vei1976f	@vei1976f	161.871	161.977	и
words@vei1976f	@vei1976f	161.977	162.762	думала
words@vei1976f	@vei1976f	162.762	163.223	господи
words@vei1976f	@vei1976f	163.223	163.487	господи
words@vei1976f	@vei1976f	163.487	163.658	я
words@vei1976f	@vei1976f	163.658	163.803	так
words@vei1976f	@vei1976f	163.803	164.025	хочу
words@vei1976f	@vei1976f	164.025	164.509	какой-нибудь
words@vei1976f	@vei1976f	164.509	164.993	классный
words@vei1976f	@vei1976f	164.993	165.639	сценарий
words@vei1976f	@vei1976f	165.639	165.901	так
words@vei1976f	@vei1976f	165.901	166.213	хочу
words@vei1976f	@vei1976f	166.213	166.453	чтобы
words@vei1976f	@vei1976f	166.453	166.841	было
words@vei1976f	@vei1976f	166.841	167.29	что-то
words@vei1976f	@vei1976f	167.29	168.124	что-то
words@vei1976f	@vei1976f	168.124	168.308	что
words@vei1976f	@vei1976f	168.308	168.416	так
words@vei1976f	@vei1976f	168.416	168.78	давно
words@vei1976f	@vei1976f	168.78	169.144	ничего
words@vei1976f	@vei1976f	169.144	169.508	интересного
words@vei1976f	@vei1976f	169.508	169.872	и
words@vei1976f	@vei1976f	169.872	170.008	вдруг
words@vei1976f	@vei1976f	170.008	170.191	мне
words@vei1976f	@vei1976f	170.191	170.607	присылает
words@vei1976f	@vei1976f	170.607	172.277	режиссёр
words@vei1976f	@vei1976f	172.277	172.514	можно
words@vei1976f	@vei1976f	172.514	172.621	не
words@vei1976f	@vei1976f	172.621	172.843	буду
words@vei1976f	@vei1976f	172.843	173.03	говорить
words@vei1976f	@vei1976f	173.03	173.199	его
words@vei1976f	@vei1976f	173.199	173.563	фамилию
words@vei1976f	@vei1976f	173.563	174.939	но
words@vei1976f	@vei1976f	174.939	175.08	присылает
words@vei1976f	@vei1976f	175.08	175.438	мне
words@vei1976f	@vei1976f	175.438	176.466	сценарий
words@vei1976f	@vei1976f	176.466	176.517	и
words@vei1976f	@vei1976f	176.517	176.734	говорит
words@vei1976f	@vei1976f	176.734	176.903	так
words@vei1976f	@vei1976f	176.903	177.585	почитай
words@vei1976f	@vei1976f	177.585	177.731	но
words@vei1976f	@vei1976f	177.731	177.891	ничего
words@vei1976f	@vei1976f	177.891	178.086	сразу
words@vei1976f	@vei1976f	178.086	178.197	мне
words@vei1976f	@vei1976f	178.197	178.299	не
words@vei1976f	@vei1976f	178.299	179.248	говори
words@vei1976f	@vei1976f	179.248	179.968	просто
words@vei1976f	@vei1976f	179.968	180.256	чуть
words@vei1976f	@vei1976f	180.256	180.61	поживи
words@vei1976f	@vei1976f	180.61	180.682	с
words@vei1976f	@vei1976f	180.682	181.526	этим
words@vei1976f	@vei1976f	181.526	181.686	я
words@vei1976f	@vei1976f	181.686	182.042	читаю
words@vei1976f	@vei1976f	182.042	182.119	и
words@vei1976f	@vei1976f	182.119	182.379	понимаю
words@vei1976f	@vei1976f	182.379	182.648	что
words@vei1976f	@vei1976f	182.648	182.928	героиня
words@vei1976f	@vei1976f	182.928	183.119	всё
words@vei1976f	@vei1976f	183.119	183.383	время
words@vei1976f	@vei1976f	183.383	184.091	голая
words@vei1976f	@vei1976f	184.091	184.375	и
words@vei1976f	@vei1976f	184.375	184.741	я
words@vei1976f	@vei1976f	184.741	184.972	сказала
words@vei1976f	@vei1976f	184.972	185.062	я
words@vei1976f	@vei1976f	185.062	185.136	не
words@vei1976f	@vei1976f	185.136	186.483	могу
words@vei1976f	@vei1976f	186.483	186.646	он
words@vei1976f	@vei1976f	186.646	186.752	мне
words@vei1976f	@vei1976f	186.752	186.997	сказал
words@vei1976f	@vei1976f	186.997	187.255	ну
words@vei1976f	@vei1976f	187.255	187.36	ч
words@vei1976f	@vei1976f	187.36	187.388	что
words@vei1976f	@vei1976f	187.388	187.769	за
words@vei1976f	@vei1976f	187.769	188.303	ерунда
words@vei1976f	@vei1976f	188.303	188.507	вообще
words@vei1976f	@vei1976f	188.507	188.648	какой
words@vei1976f	@vei1976f	188.648	188.843	то
words@vei1976f	@vei1976f	188.843	189.926	бред
words@vei1976f	@vei1976f	189.926	190.628	ну
words@vei1976f	@vei1976f	190.628	190.879	хочешь
words@vei1976f	@vei1976f	190.879	191.016	мы
words@vei1976f	@vei1976f	191.016	191.129	все
words@vei1976f	@vei1976f	191.129	192.691	разденемся
words@vei1976f	@vei1976f	192.691	192.849	на
words@vei1976f	@vei1976f	192.849	193.125	площадке
words@vei1976f	@vei1976f	193.125	193.401	будут
words@vei1976f	@vei1976f	193.401	193.679	все
words@vei1976f	@vei1976f	193.679	194.459	голые
words@vei1976f	@vei1976f	194.459	194.549	что
words@vei1976f	@vei1976f	194.549	194.91	тебя
words@vei1976f	@vei1976f	194.91	196.209	смущает
words@vei1976f	@vei1976f	196.209	196.381	говорю
words@vei1976f	@vei1976f	196.381	196.465	я
words@vei1976f	@vei1976f	196.465	196.695	не
words@vei1976f	@vei1976f	196.695	196.869	могу
words@vei1976f	@vei1976f	196.869	197.104	вообще
words@vei1976f	@vei1976f	197.104	197.593	я
words@vei1976f	@vei1976f	197.593	197.797	ну
words@vei1976f	@vei1976f	197.797	197.946	не
words@vei1976f	@vei1976f	197.946	198.47	могу
words@vei1976f	@vei1976f	198.47	198.624	ну
words@vei1976f	@vei1976f	198.624	198.731	не
words@vei1976f	@vei1976f	198.731	199.184	понимаю
words@vei1976f	@vei1976f	199.184	200.266	как
words@vei1976f	@vei1976f	200.266	200.485	ну
words@vei1976f	@vei1976f	200.485	200.59	потом
words@vei1976f	@vei1976f	200.59	200.659	я
words@vei1976f	@vei1976f	200.659	200.785	все
words@vei1976f	@vei1976f	200.785	201.544	думала
words@vei1976f	@vei1976f	201.544	201.91	вот
words@vei1976f	@vei1976f	201.91	202.041	у
words@vei1976f	@vei1976f	202.041	202.288	меня
words@vei1976f	@vei1976f	202.288	202.345	не
words@vei1976f	@vei1976f	202.345	202.428	очень
words@vei1976f	@vei1976f	202.428	203.014	красиво
words@vei1976f	@vei1976f	203.014	203.505	здесь
words@vei1976f	@vei1976f	203.505	203.669	не
words@vei1976f	@vei1976f	203.669	203.787	очень
words@vei1976f	@vei1976f	203.787	204.343	красиво
words@vei1976f	@vei1976f	204.343	205.257	там
words@vei1976f	@vei1976f	205.257	205.565	какой
words@vei1976f	@vei1976f	205.565	206.246	бред
words@vei1976f	@vei1976f	206.246	206.78	почему
words@vei1976f	@vei1976f	206.78	206.98	как
words@vei1976f	@vei1976f	206.98	207.11	я
words@vei1976f	@vei1976f	207.11	207.274	буду
words@vei1976f	@vei1976f	207.274	207.458	потом
words@vei1976f	@vei1976f	207.458	207.971	смущаться
words@vei1976f	@vei1976f	207.971	208.388	видеть
words@vei1976f	@vei1976f	208.388	208.871	это
words@vei1976f	@vei1976f	208.871	209.004	на
words@vei1976f	@vei1976f	209.004	209.397	экране
words@vei1976f	@vei1976f	209.397	209.445	и
words@vei1976f	@vei1976f	209.445	209.694	думать
words@vei1976f	@vei1976f	209.694	209.924	боже
words@vei1976f	@vei1976f	209.924	210.044	я
words@vei1976f	@vei1976f	210.044	210.266	такая
words@vei1976f	@vei1976f	210.266	211.037	страшная
words@vei1976f	@vei1976f	211.037	211.18	и
words@vei1976f	@vei1976f	211.18	211.29	это
words@vei1976f	@vei1976f	211.29	211.45	все
words@vei1976f	@vei1976f	211.45	211.957	видят
words@vei1976f	@vei1976f	211.957	213.31	теперь
words@vei1976f	@vei1976f	213.31	213.436	а
words@vei1976f	@vei1976f	213.436	213.589	щас
words@vei1976f	@vei1976f	213.589	213.689	я
words@vei1976f	@vei1976f	213.689	213.784	вдруг
words@vei1976f	@vei1976f	213.784	214.124	стала
words@vei1976f	@vei1976f	214.124	214.616	красивая
words@vei1976f	@vei1976f	214.616	214.702	и
words@vei1976f	@vei1976f	214.702	215.31	теперь
words@vei1976f	@vei1976f	215.31	215.503	можно
words@vei1976f	@vei1976f	215.503	216.008	всем
words@vei1976f	@vei1976f	216.008	218.046	показать
words@vei1976f	@vei1976f	222.274	222.57	ой
words@vei1976f	@vei1976f	222.57	222.684	я
words@vei1976f	@vei1976f	222.684	222.805	еще
words@vei1976f	@vei1976f	222.805	223.341	знаешь
words@vei1976f	@vei1976f	223.341	223.491	э
words@vei1976f	@vei1976f	223.491	223.624	это
words@vei1976f	@vei1976f	223.624	224.498	тоже
words@vei1976f	@vei1976f	224.498	225.278	ммм
words@vei1976f	@vei1976f	225.278	225.647	наверное
words@vei1976f	@vei1976f	225.647	225.779	в
words@vei1976f	@vei1976f	225.779	226.097	сорок
words@vei1976f	@vei1976f	226.097	227.077	появилось
words@vei1976f	@vei1976f	227.077	227.626	аа
words@vei1976f	@vei1976f	227.626	227.768	я
words@vei1976f	@vei1976f	227.768	227.846	еще
words@vei1976f	@vei1976f	227.846	228.209	всегда
words@vei1976f	@vei1976f	228.209	230.051	думала
words@vei1976f	@vei1976f	230.051	231.009	что
words@vei1976f	@vei1976f	231.009	231.883	это
words@vei1976f	@vei1976f	231.883	232.549	прям
words@vei1976f	@vei1976f	232.549	232.691	тоже
words@vei1976f	@vei1976f	232.691	232.931	была
words@vei1976f	@vei1976f	232.931	233.051	моя
words@vei1976f	@vei1976f	233.051	233.602	навящевая
words@vei1976f	@vei1976f	233.602	233.958	идея
words@vei1976f	@vei1976f	233.958	234.727	такая
words@vei1976f	@vei1976f	234.727	234.817	что
words@vei1976f	@vei1976f	234.817	234.863	я
words@vei1976f	@vei1976f	234.863	235.907	такой
words@vei1976f	@vei1976f	235.907	236.362	вид
words@vei1976f	@vei1976f	236.362	237.639	шарлатана
words@vei1976f	@vei1976f	237.639	237.729	что
words@vei1976f	@vei1976f	237.729	237.873	я
words@vei1976f	@vei1976f	237.873	238.155	как-то
words@vei1976f	@vei1976f	238.155	238.299	так
words@vei1976f	@vei1976f	238.299	238.51	всех
words@vei1976f	@vei1976f	238.51	242.12	обманула
words@vei1976f	@vei1976f	242.12	243.204	да
words@vei1976f	@vei1976f	243.204	243.333	да
words@vei1976f	@vei1976f	243.333	244.007	так
words@vei1976f	@vei1976f	244.007	244.996	называется
words@vei1976f	@vei1976f	244.996	245.135	как
words@vei1976f	@vei1976f	245.135	245.281	я
words@vei1976f	@vei1976f	245.281	245.475	так
words@vei1976f	@vei1976f	245.475	245.709	всех
words@vei1976f	@vei1976f	245.709	246.287	обманула
words@vei1976f	@vei1976f	246.287	246.684	чудесным
words@vei1976f	@vei1976f	246.684	248.85	образом
words@vei1976f	@vei1976f	248.85	248.915	что
words@vei1976f	@vei1976f	248.915	249.224	все
words@vei1976f	@vei1976f	249.224	249.533	думают
words@vei1976f	@vei1976f	249.533	249.842	что
words@vei1976f	@vei1976f	249.842	250.154	я
words@vei1976f	@vei1976f	253.643	253.826	даже
words@vei1976f	@vei1976f	253.826	253.962	не
words@vei1976f	@vei1976f	253.962	254.139	так
words@vei1976f	@vei1976f	254.139	254.292	давно
words@vei1976f	@vei1976f	254.292	254.447	когда
words@vei1976f	@vei1976f	254.447	254.652	вот
words@vei1976f	@vei1976f	254.652	254.733	вся
words@vei1976f	@vei1976f	254.733	254.852	эта
words@vei1976f	@vei1976f	254.852	255.336	история
words@vei1976f	@vei1976f	255.336	255.667	с
words@vei1976f	@vei1976f	255.667	255.998	эм
words@vei1976f	@vei1976f	255.998	256.442	интернетом
words@vei1976f	@vei1976f	256.442	256.631	так
words@vei1976f	@vei1976f	256.631	257.108	стала
words@vei1976f	@vei1976f	257.108	257.439	явна
words@vei1976f	@vei1976f	257.439	257.77	когда
words@vei1976f	@vei1976f	257.77	258.101	каждый
words@vei1976f	@vei1976f	258.101	258.337	может
words@vei1976f	@vei1976f	258.337	258.668	написать
words@vei1976f	@vei1976f	258.668	258.818	какой
words@vei1976f	@vei1976f	258.818	259.453	то
words@vei1976f	@vei1976f	259.453	259.517	в
words@vei1976f	@vei1976f	259.517	259.709	к
words@vei1976f	@vei1976f	259.709	260.315	комментарий
words@vei1976f	@vei1976f	260.315	260.458	там
words@vei1976f	@vei1976f	260.458	260.535	и
words@vei1976f	@vei1976f	260.535	260.607	что
words@vei1976f	@vei1976f	260.607	260.709	то
words@vei1976f	@vei1976f	260.709	260.857	и
words@vei1976f	@vei1976f	260.857	260.979	тогда
words@vei1976f	@vei1976f	260.979	261.17	можно
words@vei1976f	@vei1976f	261.17	261.664	прочитать
words@vei1976f	@vei1976f	261.664	262.006	да
words@vei1976f	@vei1976f	262.006	262.319	она
words@vei1976f	@vei1976f	262.319	262.973	вообще
words@vei1976f	@vei1976f	262.973	264.097	кусок
words@vei1976f	@vei1976f	264.097	265.195	#пру#
words@vei1976f	@vei1976f	265.195	265.324	что
words@vei1976f	@vei1976f	265.324	265.566	эт
words@vei1976f	@vei1976f	265.566	265.875	кто
words@vei1976f	@vei1976f	265.875	266.467	это
words@vei1976f	@vei1976f	266.467	266.607	да
words@vei1976f	@vei1976f	266.607	266.786	если
words@vei1976f	@vei1976f	266.786	266.886	бы
words@vei1976f	@vei1976f	266.886	267.024	не
words@vei1976f	@vei1976f	267.024	267.31	ее
words@vei1976f	@vei1976f	267.31	267.791	муж
words@vei1976f	@vei1976f	267.791	267.895	да
words@vei1976f	@vei1976f	267.895	268.063	никогда
words@vei1976f	@vei1976f	268.063	268.231	б
words@vei1976f	@vei1976f	268.231	268.435	посмотрите
words@vei1976f	@vei1976f	268.435	268.512	какая
words@vei1976f	@vei1976f	268.512	268.655	она
words@vei1976f	@vei1976f	268.655	269.274	страшная
words@vei1976f	@vei1976f	269.274	269.335	да
words@vei1976f	@vei1976f	269.335	269.458	у
words@vei1976f	@vei1976f	269.458	269.678	нее
words@vei1976f	@vei1976f	269.678	269.78	там
words@vei1976f	@vei1976f	269.78	270.319	это
words@vei1976f	@vei1976f	270.319	270.417	и
words@vei1976f	@vei1976f	270.417	270.494	ты
words@vei1976f	@vei1976f	270.494	270.643	читаешь
words@vei1976f	@vei1976f	270.643	270.759	и
words@vei1976f	@vei1976f	270.759	271.909	думаешь
words@vei1976f	@vei1976f	271.909	272.41	о
words@vei1976f	@vei1976f	272.41	272.522	вот
words@vei1976f	@vei1976f	272.522	272.706	этот
words@vei1976f	@vei1976f	272.706	272.965	чет
words@vei1976f	@vei1976f	272.965	273.099	меня
words@vei1976f	@vei1976f	273.099	276.868	раскусил
words@vei1976f	@vei1976f	276.868	278.263	вот
words@vei1976f	@vei1976f	278.263	278.392	а
words@vei1976f	@vei1976f	278.392	278.501	как
words@vei1976f	@vei1976f	278.501	278.674	то
words@vei1976f	@vei1976f	278.674	278.794	я
words@vei1976f	@vei1976f	278.794	279.112	всех
words@vei1976f	@vei1976f	279.112	280.263	обманула
words@vei1976f	@vei1976f	280.263	280.337	и
words@vei1976f	@vei1976f	280.337	280.451	щас
words@vei1976f	@vei1976f	280.451	280.551	я
words@vei1976f	@vei1976f	280.551	280.727	вот
words@vei1976f	@vei1976f	280.727	281.536	приду
words@vei1976f	@vei1976f	281.536	281.58	и
words@vei1976f	@vei1976f	281.58	281.674	все
words@vei1976f	@vei1976f	281.674	281.935	ждут
words@vei1976f	@vei1976f	281.935	282.061	от
words@vei1976f	@vei1976f	282.061	282.381	меня
words@vei1976f	@vei1976f	282.381	282.516	все
words@vei1976f	@vei1976f	282.516	282.648	ж
words@vei1976f	@vei1976f	282.648	283.228	знают
words@vei1976f	@vei1976f	283.228	283.392	д
words@vei1976f	@vei1976f	283.392	283.832	думают
words@vei1976f	@vei1976f	283.832	284.017	что
words@vei1976f	@vei1976f	284.017	284.099	я
words@vei1976f	@vei1976f	284.099	284.319	такая
words@vei1976f	@vei1976f	284.319	285.187	классная
words@vei1976f	@vei1976f	285.187	285.214	и
words@vei1976f	@vei1976f	285.214	285.26	я
words@vei1976f	@vei1976f	285.26	285.484	щас
words@vei1976f	@vei1976f	285.484	286.133	приду
words@vei1976f	@vei1976f	286.133	286.204	и
words@vei1976f	@vei1976f	286.204	286.358	ничего
words@vei1976f	@vei1976f	286.358	286.454	не
words@vei1976f	@vei1976f	286.454	286.73	смогу
words@vei1976f	@vei1976f	286.73	288.14	сделать
words@vei1976f	@vei1976f	288.14	288.23	и
words@vei1976f	@vei1976f	288.23	288.615	наконец-то
words@vei1976f	@vei1976f	288.615	288.819	все
words@vei1976f	@vei1976f	288.819	289.524	узнают
words@vei1976f	@vei1976f	289.524	291.099	правду
words@vei1976f	@vei1976f	291.099	291.231	и
words@vei1976f	@vei1976f	291.231	291.389	я
words@vei1976f	@vei1976f	291.389	291.485	с
words@vei1976f	@vei1976f	291.485	291.668	вот
words@vei1976f	@vei1976f	291.668	292.504	этим
words@vei1976f	@vei1976f	292.504	292.971	справилась
words@vei1976f	@vei1976f	292.971	293.377	наверное
words@vei1976f	@vei1976f	293.377	293.502	ну
words@vei1976f	@vei1976f	293.502	293.661	не
words@vei1976f	@vei1976f	293.661	293.825	так
words@vei1976f	@vei1976f	293.825	294.636	давно
words@vei1976f	@vei1976f	294.636	294.717	и
words@vei1976f	@vei1976f	294.717	294.79	у
words@vei1976f	@vei1976f	294.79	294.928	меня
words@vei1976f	@vei1976f	294.928	295.353	по-прежнему
words@vei1976f	@vei1976f	295.353	296.008	рефлексия
words@vei1976f	@vei1976f	296.008	296.577	никуда
words@vei1976f	@vei1976f	296.577	296.886	не
words@vei1976f	@vei1976f	296.886	297.299	девается
words@vei1976f	@vei1976f	297.299	297.526	и
words@vei1976f	@vei1976f	297.526	298.003	по-прежнему
words@vei1976f	@vei1976f	298.003	298.233	ты
words@vei1976f	@vei1976f	298.233	298.625	мучаешься
words@vei1976f	@vei1976f	298.625	298.746	и
words@vei1976f	@vei1976f	298.746	298.8	у
words@vei1976f	@vei1976f	298.8	298.994	тебя
words@vei1976f	@vei1976f	298.994	299.108	не
words@vei1976f	@vei1976f	299.108	299.387	получается
words@vei1976f	@vei1976f	299.387	299.492	и
words@vei1976f	@vei1976f	299.492	299.602	ты
words@vei1976f	@vei1976f	299.602	300.128	там
words@vei1976f	@vei1976f	300.128	300.286	я
words@vei1976f	@vei1976f	300.286	300.539	часто
words@vei1976f	@vei1976f	300.539	300.698	очень
words@vei1976f	@vei1976f	300.698	300.802	себе
words@vei1976f	@vei1976f	300.802	301.278	говорю
words@vei1976f	@vei1976f	301.278	301.643	господи
words@vei1976f	@vei1976f	301.643	302.008	ну
words@vei1976f	@vei1976f	302.008	302.242	как…
words@vei1976f	@vei1976f	302.242	302.465	ну
words@vei1976f	@vei1976f	302.465	302.681	какая
words@vei1976f	@vei1976f	302.681	303.172	элементарная
words@vei1976f	@vei1976f	303.172	303.518	вещь
words@vei1976f	@vei1976f	303.518	303.692	почему
words@vei1976f	@vei1976f	303.692	303.785	я
words@vei1976f	@vei1976f	303.785	303.895	не
words@vei1976f	@vei1976f	303.895	304.176	понимаю
words@vei1976f	@vei1976f	304.176	304.419	как
words@vei1976f	@vei1976f	304.419	304.602	ее
words@vei1976f	@vei1976f	304.602	305.071	сделать
words@vei1976f	@vei1976f	305.071	305.231	или
words@vei1976f	@vei1976f	305.231	305.426	потом
words@vei1976f	@vei1976f	305.426	305.69	смотрю
words@vei1976f	@vei1976f	305.69	305.854	кино
words@vei1976f	@vei1976f	305.854	306.025	и
words@vei1976f	@vei1976f	306.025	306.928	думаю
words@vei1976f	@vei1976f	306.928	307.844	ооо
words@vei1976f	@vei1976f	307.844	307.978	почему
words@vei1976f	@vei1976f	307.978	308.126	я
words@vei1976f	@vei1976f	308.126	308.279	не
words@vei1976f	@vei1976f	308.279	308.712	сделала
words@vei1976f	@vei1976f	308.712	309.998	по-другому
words@vei1976f	@vei1976f	309.998	310.216	там
words@vei1976f	@vei1976f	310.216	310.54	что-то
words@vei1976f	@vei1976f	310.54	310.619	эта
words@vei1976f	@vei1976f	310.619	311.021	рефлексия
words@vei1976f	@vei1976f	311.021	311.167	никуда
words@vei1976f	@vei1976f	311.167	311.244	не
words@vei1976f	@vei1976f	311.244	311.75	девается
words@vei1976f	@vei1976f	311.75	311.884	но
words@vei1976f	@vei1976f	311.884	312.003	вот
words@vei1976f	@vei1976f	312.003	312.324	этот
words@vei1976f	@vei1976f	312.324	312.6	комплекс
words@vei1976f	@vei1976f	312.6	313.156	самозванца
words@vei1976f	@vei1976f	313.156	313.433	он
words@vei1976f	@vei1976f	313.433	314.23	как-то
words@vei1976f	@vei1976f	314.23	316.149	заглох
words@vei1976f	@vei1976f	316.149	316.698	подзатих
words@vei1976f	@vei1976f	325.665	326.121	нет
words@vei1976f	@vei1976f	326.121	327.554	таких
words@vei1976f	@vei1976f	327.554	328.184	нету
words@vei1976f	@vei1976f	328.184	328.51	таких
words@vei1976f	@vei1976f	328.51	328.792	зо
words@vei1976f	@vei1976f	328.792	329.468	областей
words@vei1976f	@vei1976f	335.814	336.594	ну
words@vei1976f	@vei1976f	336.594	336.656	м
words@vei1976f	@vei1976f	336.656	337.186	могла
words@vei1976f	@vei1976f	337.186	337.318	бы
words@vei1976f	@vei1976f	337.318	337.45	быть
words@vei1976f	@vei1976f	337.45	337.501	и
words@vei1976f	@vei1976f	337.501	338.212	лучшей
words@vei1976f	@vei1976f	338.212	338.39	я
words@vei1976f	@vei1976f	338.39	338.675	думаю
words@vei1976f	@vei1976f	342.012	342.394	очень
words@vei1976f	@vei1976f	342.394	342.736	надеюсь
words@vei1976f	@vei1976f	342.736	342.94	что
words@vei1976f	@vei1976f	342.94	344.779	хорошая
words@vei1976f	@vei1976f	344.779	345.017	я
words@vei1976f	@vei1976f	345.017	346.596	очень
words@vei1976f	@vei1976f	346.596	347.482	стараюсь
words@iys1984f	@iys1984f	0.4	0.622	а
words@iys1984f	@iys1984f	0.622	0.844	был
words@iys1984f	@iys1984f	0.844	1.066	момент
words@iys1984f	@iys1984f	1.066	1.288	когда
words@iys1984f	@iys1984f	1.288	1.481	ты
words@iys1984f	@iys1984f	1.481	1.721	вот
words@iys1984f	@iys1984f	1.721	2.059	точно
words@iys1984f	@iys1984f	2.059	2.296	поняла
words@iys1984f	@iys1984f	2.296	2.533	что
words@iys1984f	@iys1984f	2.533	2.77	я
words@iys1984f	@iys1984f	2.77	3.007	себя
words@iys1984f	@iys1984f	3.007	3.734	полюбила
words@iys1984f	@iys1984f	3.734	3.887	в
words@iys1984f	@iys1984f	3.887	4.0	том
words@iys1984f	@iys1984f	4.0	4.325	возрасте
words@iys1984f	@iys1984f	4.325	4.65	в
words@iys1984f	@iys1984f	4.65	4.975	котором
words@iys1984f	@iys1984f	4.975	5.116	я
words@iys1984f	@iys1984f	5.116	5.629	нахожусь
words@iys1984f	@iys1984f	23.808	24.342	только
words@iys1984f	@iys1984f	24.342	24.595	щас
words@iys1984f	@iys1984f	24.595	24.73	Вик
words@iys1984f	@iys1984f	25.334	25.589	связано
words@iys1984f	@iys1984f	25.589	25.844	ли
words@iys1984f	@iys1984f	25.844	26.237	это
words@iys1984f	@iys1984f	26.237	26.425	вот
words@iys1984f	@iys1984f	26.425	26.613	был
words@iys1984f	@iys1984f	26.613	26.878	мой
words@iys1984f	@iys1984f	26.878	27.32	вопрос
words@iys1984f	@iys1984f	27.32	27.467	там
words@iys1984f	@iys1984f	27.467	27.61	же
words@iys1984f	@iys1984f	27.61	27.741	в
words@iys1984f	@iys1984f	27.741	27.928	том
words@iys1984f	@iys1984f	27.928	28.099	же
words@iys1984f	@iys1984f	28.099	28.448	интервью
words@iys1984f	@iys1984f	28.448	28.551	ты
words@iys1984f	@iys1984f	28.551	28.741	говоришь
words@iys1984f	@iys1984f	28.741	28.919	что
words@iys1984f	@iys1984f	28.919	29.024	я
words@iys1984f	@iys1984f	29.024	29.521	никогда
words@iys1984f	@iys1984f	29.521	29.743	не
words@iys1984f	@iys1984f	29.743	30.019	раздеваюсь
words@iys1984f	@iys1984f	30.019	30.295	в
words@iys1984f	@iys1984f	30.295	30.834	кино
words@iys1984f	@iys1984f	30.834	31.068	и
words@iys1984f	@iys1984f	31.068	31.171	все
words@iys1984f	@iys1984f	31.171	31.436	твои
words@iys1984f	@iys1984f	31.436	32.153	последние
words@iys1984f	@iys1984f	32.153	32.644	работы
words@iys1984f	@iys1984f	35.307	35.823	нуу
words@iys1984f	@iys1984f	52.01	52.307	братья
words@iys1984f	@iys1984f	52.774	52.937	да
words@iys1984f	@iys1984f	52.937	53.042	я
words@iys1984f	@iys1984f	53.042	53.534	смотрела
words@iys1984f	@iys1984f	53.534	53.907	это
words@iys1984f	@iys1984f	53.907	54.28	очень
words@iys1984f	@iys1984f	54.28	54.653	красиво
words@iys1984f	@iys1984f	54.653	55.029	выглядит
words@iys1984f	@iys1984f	65.633	65.95	мыгы
words@iys1984f	@iys1984f	67.845	68.019	да
words@iys1984f	@iys1984f	75.032	76.205	#смеется#
words@iys1984f	@iys1984f	84.843	85.024	а
words@iys1984f	@iys1984f	85.024	85.121	что
words@iys1984f	@iys1984f	85.121	85.149	у
words@iys1984f	@iys1984f	85.149	85.267	тебя
words@iys1984f	@iys1984f	85.267	85.548	срабатывало
words@iys1984f	@iys1984f	85.548	85.959	ну
words@iys1984f	@iys1984f	85.959	86.327	просто
words@iys1984f	@iys1984f	86.327	87.18	обычно
words@iys1984f	@iys1984f	87.18	88.417	актрисы
words@iys1984f	@iys1984f	88.417	88.557	как
words@iys1984f	@iys1984f	88.557	89.594	бы
words@iys1984f	@iys1984f	89.594	89.843	ну
words@iys1984f	@iys1984f	89.843	89.959	кого
words@iys1984f	@iys1984f	89.959	90.096	я
words@iys1984f	@iys1984f	90.096	90.524	вспоминаю
words@iys1984f	@iys1984f	90.524	90.8	Юлию
words@iys1984f	@iys1984f	90.8	90.837	Ауг
words@iys1984f	@iys1984f	90.837	91.076	у
words@iys1984f	@iys1984f	91.076	91.315	меня
words@iys1984f	@iys1984f	91.315	91.554	тут
words@iys1984f	@iys1984f	91.554	91.793	сидела
words@iys1984f	@iys1984f	91.793	92.032	которая
words@iys1984f	@iys1984f	92.032	92.271	говорит
words@iys1984f	@iys1984f	92.271	92.51	что
words@iys1984f	@iys1984f	92.51	92.749	это
words@iys1984f	@iys1984f	92.749	92.988	инструмент
words@iys1984f	@iys1984f	92.988	93.227	и
words@iys1984f	@iys1984f	93.227	93.466	если
words@iys1984f	@iys1984f	93.466	93.705	меня
words@iys1984f	@iys1984f	93.705	93.944	режиссёр
words@iys1984f	@iys1984f	93.944	94.195	попросит
words@iys1984f	@iys1984f	100.246	100.51	а
words@iys1984f	@iys1984f	100.51	100.774	у
words@iys1984f	@iys1984f	100.774	101.038	тебя
words@iys1984f	@iys1984f	101.038	101.305	стеснение
words@iys1984f	@iys1984f	102.042	102.352	ты
words@iys1984f	@iys1984f	102.352	102.847	стесняешься
words@iys1984f	@iys1984f	102.847	103.342	а
words@iys1984f	@iys1984f	103.342	103.837	именно
words@iys1984f	@iys1984f	103.837	104.305	съемочную
words@iys1984f	@iys1984f	104.305	104.975	группу
words@iys1984f	@iys1984f	135.339	135.524	а
words@iys1984f	@iys1984f	135.524	135.684	были
words@iys1984f	@iys1984f	135.684	136.088	моменты
words@iys1984f	@iys1984f	136.088	136.592	когда
words@iys1984f	@iys1984f	136.592	136.894	твои
words@iys1984f	@iys1984f	136.894	137.253	части
words@iys1984f	@iys1984f	137.253	137.648	тела
words@iys1984f	@iys1984f	137.648	137.924	играли
words@iys1984f	@iys1984f	137.924	138.518	дублёры
words@iys1984f	@iys1984f	212.879	213.127	ты
words@iys1984f	@iys1984f	213.127	213.375	уви
words@iys1984f	@iys1984f	217.691	217.849	о
words@iys1984f	@iys1984f	217.849	218.066	чём
words@iys1984f	@iys1984f	218.066	218.523	ты
words@iys1984f	@iys1984f	218.523	218.791	еще
words@iys1984f	@iys1984f	218.791	218.84	о
words@iys1984f	@iys1984f	218.84	218.982	себе
words@iys1984f	@iys1984f	218.982	219.407	узнала
words@iys1984f	@iys1984f	219.407	219.452	в
words@iys1984f	@iys1984f	219.452	221.157	сорок
words@iys1984f	@iys1984f	221.157	221.728	новенького
words@iys1984f	@iys1984f	240.352	240.614	это
words@iys1984f	@iys1984f	240.614	241.007	комплекс
words@iys1984f	@iys1984f	241.007	241.635	самозванца
words@iys1984f	@iys1984f	241.635	242.263	называется
words@iys1984f	@iys1984f	242.263	242.893	да
words@iys1984f	@iys1984f	251.014	251.389	хорошая
words@iys1984f	@iys1984f	251.389	251.965	актриса
words@iys1984f	@iys1984f	251.965	252.14	да
words@iys1984f	@iys1984f	317.07	317.312	объясни
words@iys1984f	@iys1984f	317.312	317.558	мне
words@iys1984f	@iys1984f	317.558	317.687	в
words@iys1984f	@iys1984f	317.687	317.915	какой
words@iys1984f	@iys1984f	317.915	318.147	области
words@iys1984f	@iys1984f	318.147	318.453	своей
words@iys1984f	@iys1984f	318.453	319.096	жизни
words@iys1984f	@iys1984f	319.096	319.314	ты
words@iys1984f	@iys1984f	319.314	319.431	на
words@iys1984f	@iys1984f	319.431	319.581	все
words@iys1984f	@iys1984f	319.581	319.854	сто
words@iys1984f	@iys1984f	319.854	320.946	процентов
words@iys1984f	@iys1984f	320.946	321.297	любишь
words@iys1984f	@iys1984f	321.297	321.696	себя
words@iys1984f	@iys1984f	321.696	322.095	уверена
words@iys1984f	@iys1984f	322.095	322.305	в
words@iys1984f	@iys1984f	322.305	323.364	себе
words@iys1984f	@iys1984f	323.364	323.475	и
words@iys1984f	@iys1984f	323.475	323.8	как
words@iys1984f	@iys1984f	323.8	324.065	прям
words@iys1984f	@iys1984f	324.065	324.478	гордишься
words@iys1984f	@iys1984f	324.478	324.891	собой
words@iys1984f	@iys1984f	331.39	331.566	Вик
words@iys1984f	@iys1984f	331.566	331.709	ну
words@iys1984f	@iys1984f	331.709	331.806	ты
words@iys1984f	@iys1984f	331.806	332.135	хорошая
words@iys1984f	@iys1984f	332.135	332.581	жена
words@iys1984f	@iys1984f	339.237	339.522	а
words@iys1984f	@iys1984f	339.522	339.999	мама
words@iys1984f	@iys1984f	344.232	344.61	#смеется#
gesture@iys1984f	@iys1984f	25.441	26.673	левая кисть поднята к лицу
gesture@iys1984f	@iys1984f	26.683	27.594	большой палец левой руки показывает влево
gesture@iys1984f	@iys1984f	27.612	28.459	двинула кулаком левой руки в сторону собеседника
gesture@iys1984f	@iys1984f	28.477	29.419	отрезает воздух влево кистью левой руки
gesture@iys1984f	@iys1984f	29.43	30.651	левая рука согнута в локте, пальцы левой кисти согнуты, круговые движения левой рукой
gesture@iys1984f	@iys1984f	30.656	32.556	левая рука согнута в локте, левая рука совершает скачки в воздухе, двигаясь вправо
gesture@iys1984f	@iys1984f	44.054	46.406	рук поднесена ко рту
gesture@iys1984f	@iys1984f	89.582	90.405	левая рука согнута в локте, левая рука отведена в сторону влево
gesture@iys1984f	@iys1984f	90.417	91.611	левая рука согнута в локте, левая рука  показывает вперед перед говорящим, ладонь направлена вверх
gesture@iys1984f	@iys1984f	102.164	103.214	левая рука согнута в локте, круговые движения левой кистью
gesture@iys1984f	@iys1984f	103.218	104.256	левая рука согнута в локте, круговые движения левой рукой
gesture@iys1984f	@iys1984f	104.266	106.982	левая рука согнута в локте, ладонь направлена на тело
gesture@iys1984f	@iys1984f	107.033	108.287	левая рука согнута в локте, правая рука согнута в локте и лежит на коленях, кисть правой руки обхвачена кистью левой руки
gesture@iys1984f	@iys1984f	232.448	242.023	левая рука согнута в локте,указательный палец левой руки поднесен ко рту
gesture@iys1984f	@iys1984f	242.074	243.875	левая рука согнута в локте, укащательный палец левой руки согнут
gesture@iys1984f	@iys1984f	289.481	291.644	левая рука согнута в локте и обзватывает талию, локоть правой руки опирается на кисть левой руки, кисть правой руки попднесена к подбородку 
gesture@iys1984f	@iys1984f	291.687	295.462	руки согнуты в локтях, потирает ладони рук
gesture@iys1984f	@iys1984f	317.677	318.565	левая рука согнута в локте перед говорящим, левая ладонь смотрит на правую стену, режет левой рукой
gesture@iys1984f	@iys1984f	318.573	319.591	левая рука согнута в локте перед говорящим, левая ладонь смотрит на правую стену, режет левой рукой воздух
gesture@iys1984f	@iys1984f	319.608	323.969	левая рука согнута в локте перед говорящим, ладонь левой руки смотрит вправо
gesture@vei1976f	@vei1976f	12.348	19.186	теребит пальцы
gesture@vei1976f	@vei1976f	22.336	24.973	правой кистью ладонью вниз гладит себя по голове
gesture@vei1976f	@vei1976f	60.768	62.79	мотает головой в разные стороны
gesture@vei1976f	@vei1976f	62.815	65.004	правая рука согнута в локте, четыре пальца правой руки согнуты, качает указательным пальцем правой руки
gesture@vei1976f	@vei1976f	65.009	66.767	руки лежат на коленях, две руки сплетены в замок
gesture@vei1976f	@vei1976f	66.777	68.393	кисть правой руки отведена в правую сторону ладонью вверх
gesture@vei1976f	@vei1976f	68.461	74.858	руки лежат на коленях, две руки сплетены в замок
gesture@vei1976f	@vei1976f	74.878	83.114	две руки слегка согнуты в локтях, держится за ножки стула двумя руками
gesture@vei1976f	@vei1976f	83.129	84.705	поправляет одежду двумя руками, слегка согнутыми в локтях
gesture@vei1976f	@vei1976f	111.024	112.59	кисти рук направлены вверх
gesture@vei1976f	@vei1976f	115.625	118.895	кисти рук опираются в бедра
gesture@vei1976f	@vei1976f	118.909	122.628	ладонь правой рук направлена вверх, круговые движения кистью
gesture@vei1976f	@vei1976f	122.645	123.22	правая рука согнута в локте, пальцы правой руки согнуты
gesture@vei1976f	@vei1976f	123.24	131.752	правая рука согнута в кулак, пальцы правой руки загнуты, кисть правой руки совершает круговые движения
gesture@vei1976f	@vei1976f	131.794	132.842	правая рука согнута в локте, ладонь раскрыта, кисть раскрыта ладонью вверх
gesture@vei1976f	@vei1976f	132.85	135.149	правая рука согнута в локте, ладонь раскрыта, кисть раскрыта ладонью вверх, круговые движения кистью
gesture@vei1976f	@vei1976f	149.12	151.989	две руки слегка согнуты в локтях, держится за ножки стула двумя руками
gesture@vei1976f	@vei1976f	198.497	199.915	руки лежат на сиденье стула
gesture@vei1976f	@vei1976f	306.703	307.152	две руки отведены в стороны
gesture@vei1976f	@vei1976f	307.16	307.691	руки лежат на коленях, кисти сложены лодочкой
gesture@vei1976f	@vei1976f	311.764	312.173	правая кисть приподнята вверх ладонью вниз
intonation@vei1976f	@vei1976f	6.476	14.995	нарратив
intonation@vei1976f	@vei1976f	17.283	23.222	нарратив
intonation@vei1976f	@vei1976f	25.331	25.68	нарратив
intonation@vei1976f	@vei1976f	31.261	33.137	восклицание //
intonation@vei1976f	@vei1976f	34.111	52.898	неясно
intonation@vei1976f	@vei1976f	55.379	83.466	нарратив
intonation@vei1976f	@vei1976f	94.281	100.935	нарратив
intonation@vei1976f	@vei1976f	101.485	101.896	нарратив
intonation@vei1976f	@vei1976f	104.979	134.911	неясно
intonation@vei1976f	@vei1976f	138.567	138.888	нарратив
intonation@vei1976f	@vei1976f	139.461	218.046	нарратив
intonation@vei1976f	@vei1976f	222.274	250.154	нарратив
intonation@vei1976f	@vei1976f	253.643	316.698	нарратив
intonation@vei1976f	@vei1976f	325.665	329.468	нарратив
intonation@vei1976f	@vei1976f	335.814	338.675	контраст
intonation@vei1976f	@vei1976f	342.012	347.482	нарратив
intonation@iys1984f	@iys1984f	0.4	5.629	вопрос специальный
intonation@iys1984f	@iys1984f	23.808	24.73	вопрос да-нет
intonation@iys1984f	@iys1984f	25.334	32.644	обрыв
intonation@iys1984f	@iys1984f	35.307	35.823	обрыв
intonation@iys1984f	@iys1984f	52.01	52.307	вопрос да-нет
intonation@iys1984f	@iys1984f	52.774	55.029	нарратив
intonation@iys1984f	@iys1984f	65.633	65.95	нарратив
intonation@iys1984f	@iys1984f	67.845	68.019	нарратив
intonation@iys1984f	@iys1984f	84.843	94.195	нарратив
intonation@iys1984f	@iys1984f	100.246	101.305	вопрос да-нет //
intonation@iys1984f	@iys1984f	102.042	104.975	вопрос да-нет
intonation@iys1984f	@iys1984f	135.339	138.518	вопрос да-нет
intonation@iys1984f	@iys1984f	212.879	213.375	обрыв
intonation@iys1984f	@iys1984f	217.691	221.728	вопрос специальный
intonation@iys1984f	@iys1984f	240.352	242.893	вопрос да-нет
intonation@iys1984f	@iys1984f	251.014	252.14	вопрос да-нет / вопрос да-нет
intonation@iys1984f	@iys1984f	317.07	324.891	вопрос специальный
intonation@iys1984f	@iys1984f	331.39	332.581	вопрос да-нет
intonation@iys1984f	@iys1984f	339.237	339.999	вопрос да-нет
pos@vei1976f	@vei1976f	6.476	6.662	INTJ
pos@vei1976f	@vei1976f	6.662	6.827	INTJ
pos@vei1976f	@vei1976f	6.827	7.007	PART
pos@vei1976f	@vei1976f	7.007	7.498	ADV
pos@vei1976f	@vei1976f	7.498	8.149	ADV
pos@vei1976f	@vei1976f	8.149	9.593	NUM
pos@vei1976f	@vei1976f	9.593	10.75	NOUN
pos@vei1976f	@vei1976f	10.75	11.045	NUM
pos@vei1976f	@vei1976f	11.045	11.478	ADV
pos@vei1976f	@vei1976f	11.478	11.912	VERB
pos@vei1976f	@vei1976f	11.912	12.503	AUX
pos@vei1976f	@vei1976f	12.503	12.602	INTJ
pos@vei1976f	@vei1976f	12.602	12.698	PRON
pos@vei1976f	@vei1976f	12.698	12.82	ADV
pos@vei1976f	@vei1976f	12.82	12.942	ADP
pos@vei1976f	@vei1976f	12.942	13.067	DET
pos@vei1976f	@vei1976f	13.067	13.176	NOUN
pos@vei1976f	@vei1976f	13.176	13.378	PART
pos@vei1976f	@vei1976f	13.378	13.58	ADV
pos@vei1976f	@vei1976f	13.58	13.782	VERB
pos@vei1976f	@vei1976f	13.782	13.984	VERB
pos@vei1976f	@vei1976f	13.984	14.121	ADP
pos@vei1976f	@vei1976f	14.121	14.235	PRON
pos@vei1976f	@vei1976f	14.235	14.363	SCONJ
pos@vei1976f	@vei1976f	14.363	14.562	PRON
pos@vei1976f	@vei1976f	14.562	14.995	ADJ
pos@vei1976f	@vei1976f	17.283	17.472	INTJ
pos@vei1976f	@vei1976f	17.472	18.267	ADV
pos@vei1976f	@vei1976f	18.267	18.511	VERB
pos@vei1976f	@vei1976f	18.511	18.784	VERB
pos@vei1976f	@vei1976f	18.784	18.944	NOUN
pos@vei1976f	@vei1976f	18.944	19.438	DET
pos@vei1976f	@vei1976f	19.438	19.524	PRON
pos@vei1976f	@vei1976f	19.524	20.013	DET
pos@vei1976f	@vei1976f	20.013	21.221	ADJ
pos@vei1976f	@vei1976f	21.221	21.323	INTJ
pos@vei1976f	@vei1976f	21.323	21.601	VERB
pos@vei1976f	@vei1976f	21.601	21.766	VERB
pos@vei1976f	@vei1976f	21.766	21.797	ADP
pos@vei1976f	@vei1976f	21.797	22.215	NOUN
pos@vei1976f	@vei1976f	22.215	22.414	CCONJ
pos@vei1976f	@vei1976f	22.414	23.046	VERB
pos@vei1976f	@vei1976f	23.046	23.222	INTJ
pos@vei1976f	@vei1976f	25.331	25.68	PART
pos@vei1976f	@vei1976f	31.261	31.426	CCONJ
pos@vei1976f	@vei1976f	31.426	31.604	ADV
pos@vei1976f	@vei1976f	31.604	31.704	PRON
pos@vei1976f	@vei1976f	31.704	32.021	VERB
pos@vei1976f	@vei1976f	32.021	33.137	VERB
pos@vei1976f	@vei1976f	33.155	34.091	X
pos@vei1976f	@vei1976f	34.111	34.458	VERB
pos@vei1976f	@vei1976f	34.458	35.697	VERB
pos@vei1976f	@vei1976f	35.697	35.965	PART
pos@vei1976f	@vei1976f	35.965	36.233	PRON
pos@vei1976f	@vei1976f	36.233	36.501	ADV
pos@vei1976f	@vei1976f	36.501	36.566	PART
pos@vei1976f	@vei1976f	36.566	36.663	PART
pos@vei1976f	@vei1976f	36.663	36.809	PRON
pos@vei1976f	@vei1976f	36.809	37.109	ADJ
pos@vei1976f	@vei1976f	37.109	37.37	ADV
pos@vei1976f	@vei1976f	37.37	37.953	PRON
pos@vei1976f	@vei1976f	37.953	38.41	VERB
pos@vei1976f	@vei1976f	38.41	39.271	INTJ
pos@vei1976f	@vei1976f	39.271	39.603	ADV
pos@vei1976f	@vei1976f	39.603	39.809	PART
pos@vei1976f	@vei1976f	39.809	40.144	VERB
pos@vei1976f	@vei1976f	40.144	40.289	PART
pos@vei1976f	@vei1976f	40.289	40.51	VERB
pos@vei1976f	@vei1976f	40.51	40.772	PART
pos@vei1976f	@vei1976f	40.772	41.062	VERB
pos@vei1976f	@vei1976f	41.062	41.339	ADP
pos@vei1976f	@vei1976f	41.339	41.457	DET
pos@vei1976f	@vei1976f	41.457	42.087	NOUN
pos@vei1976f	@vei1976f	42.087	42.345	VERB
pos@vei1976f	@vei1976f	42.345	42.505	PRON
pos@vei1976f	@vei1976f	42.505	42.791	ADJ
pos@vei1976f	@vei1976f	42.791	43.212	NOUN
pos@vei1976f	@vei1976f	43.212	43.766	ADV
pos@vei1976f	@vei1976f	43.766	44.037	ADV
pos@vei1976f	@vei1976f	44.037	44.406	PRON
pos@vei1976f	@vei1976f	44.406	44.716	INTJ
pos@vei1976f	@vei1976f	44.716	45.046	INTJ
pos@vei1976f	@vei1976f	45.046	45.389	ADJ
pos@vei1976f	@vei1976f	45.389	45.878	AUX
pos@vei1976f	@vei1976f	45.878	46.281	NOUN
pos@vei1976f	@vei1976f	46.281	46.841	VERB
pos@vei1976f	@vei1976f	46.841	47.545	ADP
pos@vei1976f	@vei1976f	47.545	48.087	NOUN
pos@vei1976f	@vei1976f	48.087	48.305	ADP
pos@vei1976f	@vei1976f	48.305	48.797	ADJ
pos@vei1976f	@vei1976f	48.797	49.175	ADV
pos@vei1976f	@vei1976f	49.175	49.552	NOUN
pos@vei1976f	@vei1976f	49.552	49.88	PRON
pos@vei1976f	@vei1976f	49.88	50.19	ADV
pos@vei1976f	@vei1976f	50.19	50.497	VERB
pos@vei1976f	@vei1976f	50.497	50.804	ADP
pos@vei1976f	@vei1976f	50.804	51.112	NOUN
pos@vei1976f	@vei1976f	51.112	51.214	VERB
pos@vei1976f	@vei1976f	51.214	51.317	AUX
pos@vei1976f	@vei1976f	51.317	51.473	PRON
pos@vei1976f	@vei1976f	51.473	51.685	VERB
pos@vei1976f	@vei1976f	51.685	51.859	DET
pos@vei1976f	@vei1976f	51.859	52.246	NOUN
pos@vei1976f	@vei1976f	52.246	52.898	NOUN
pos@vei1976f	@vei1976f	52.917	53.079	PART
pos@vei1976f	@vei1976f	55.379	55.881	PART
pos@vei1976f	@vei1976f	55.881	57.352	ADV
pos@vei1976f	@vei1976f	57.352	57.476	PRON
pos@vei1976f	@vei1976f	57.476	57.585	PRON
pos@vei1976f	@vei1976f	57.585	57.785	VERB
pos@vei1976f	@vei1976f	57.785	58.192	VERB
pos@vei1976f	@vei1976f	58.192	58.722	ADV
pos@vei1976f	@vei1976f	58.722	58.934	PART
pos@vei1976f	@vei1976f	58.934	59.081	ADP
pos@vei1976f	@vei1976f	59.081	59.302	NOUN
pos@vei1976f	@vei1976f	59.302	59.498	VERB
pos@vei1976f	@vei1976f	59.498	60.414	VERB
pos@vei1976f	@vei1976f	60.414	60.548	PART
pos@vei1976f	@vei1976f	60.548	60.604	ADP
pos@vei1976f	@vei1976f	60.604	60.825	NOUN
pos@vei1976f	@vei1976f	60.825	60.95	PRON
pos@vei1976f	@vei1976f	60.95	64.648	VERB
pos@vei1976f	@vei1976f	64.648	64.81	PRON
pos@vei1976f	@vei1976f	64.81	64.981	PART
pos@vei1976f	@vei1976f	64.981	65.109	ADP
pos@vei1976f	@vei1976f	65.109	66.676	PRON
pos@vei1976f	@vei1976f	66.676	66.806	INTJ
pos@vei1976f	@vei1976f	66.806	66.94	PRON
pos@vei1976f	@vei1976f	66.94	67.137	ADJ
pos@vei1976f	@vei1976f	67.137	68.333	NOUN
pos@vei1976f	@vei1976f	68.333	68.693	ADP
pos@vei1976f	@vei1976f	68.693	69.053	PROPN
pos@vei1976f	@vei1976f	69.053	70.19	PROPN
pos@vei1976f	@vei1976f	70.19	70.292	CCONJ
pos@vei1976f	@vei1976f	70.292	70.593	PRON
pos@vei1976f	@vei1976f	70.593	71.311	PRON
pos@vei1976f	@vei1976f	71.311	72.137	VERB
pos@vei1976f	@vei1976f	72.137	72.258	PRON
pos@vei1976f	@vei1976f	72.258	73.283	NOUN
pos@vei1976f	@vei1976f	73.283	73.554	ADP
pos@vei1976f	@vei1976f	73.554	73.676	NUM
pos@vei1976f	@vei1976f	73.676	73.884	NOUN
pos@vei1976f	@vei1976f	73.884	74.034	PRON
pos@vei1976f	@vei1976f	74.034	74.196	PART
pos@vei1976f	@vei1976f	74.196	74.345	PRON
pos@vei1976f	@vei1976f	74.345	74.482	PART
pos@vei1976f	@vei1976f	74.482	77.249	VERB
pos@vei1976f	@vei1976f	77.249	77.828	CCONJ
pos@vei1976f	@vei1976f	77.828	78.062	ADV
pos@vei1976f	@vei1976f	78.062	78.785	SCONJ
pos@vei1976f	@vei1976f	78.785	79.093	INTJ
pos@vei1976f	@vei1976f	79.093	79.209	ADV
pos@vei1976f	@vei1976f	79.209	79.753	VERB
pos@vei1976f	@vei1976f	79.753	79.841	ADP
pos@vei1976f	@vei1976f	79.841	80.024	DET
pos@vei1976f	@vei1976f	80.024	80.342	NOUN
pos@vei1976f	@vei1976f	80.342	80.433	ADV
pos@vei1976f	@vei1976f	80.433	80.507	SCONJ
pos@vei1976f	@vei1976f	80.507	80.718	PRON
pos@vei1976f	@vei1976f	80.718	80.929	ADV
pos@vei1976f	@vei1976f	80.929	81.14	VERB
pos@vei1976f	@vei1976f	81.14	81.351	VERB
pos@vei1976f	@vei1976f	81.351	81.562	PART
pos@vei1976f	@vei1976f	81.562	81.679	PRON
pos@vei1976f	@vei1976f	81.679	81.813	ADV
pos@vei1976f	@vei1976f	81.813	81.956	ADV
pos@vei1976f	@vei1976f	81.956	82.112	PRON
pos@vei1976f	@vei1976f	82.112	82.458	PART
pos@vei1976f	@vei1976f	82.458	82.71	VERB
pos@vei1976f	@vei1976f	82.71	82.962	ADV
pos@vei1976f	@vei1976f	82.962	83.214	VERB
pos@vei1976f	@vei1976f	83.214	83.466	ADV
pos@vei1976f	@vei1976f	83.475	84.668	X
pos@vei1976f	@vei1976f	94.281	94.613	CCONJ
pos@vei1976f	@vei1976f	94.613	94.945	ADP
pos@vei1976f	@vei1976f	94.945	95.277	ADP
pos@vei1976f	@vei1976f	95.277	95.609	PROPN
pos@vei1976f	@vei1976f	95.609	95.701	VERB
pos@vei1976f	@vei1976f	95.701	95.774	X
pos@vei1976f	@vei1976f	95.774	96.033	VERB
pos@vei1976f	@vei1976f	96.033	96.338	DET
pos@vei1976f	@vei1976f	96.338	96.755	VERB
pos@vei1976f	@vei1976f	96.755	97.172	INTJ
pos@vei1976f	@vei1976f	97.172	97.589	ADJ
pos@vei1976f	@vei1976f	97.589	98.448	ADJ
pos@vei1976f	@vei1976f	98.448	98.727	DET
pos@vei1976f	@vei1976f	98.727	99.551	NOUN
pos@vei1976f	@vei1976f	99.551	99.81	ADP
pos@vei1976f	@vei1976f	99.81	99.86	ADP
pos@vei1976f	@vei1976f	99.86	100.397	DET
pos@vei1976f	@vei1976f	100.397	100.935	NOUN
pos@vei1976f	@vei1976f	101.485	101.896	X
pos@vei1976f	@vei1976f	104.979	105.327	ADV
pos@vei1976f	@vei1976f	105.327	105.675	PRON
pos@vei1976f	@vei1976f	105.675	106.023	ADV
pos@vei1976f	@vei1976f	106.023	106.149	PART
pos@vei1976f	@vei1976f	106.149	106.279	ADV
pos@vei1976f	@vei1976f	106.279	106.402	PART
pos@vei1976f	@vei1976f	106.402	106.524	PRON
pos@vei1976f	@vei1976f	106.524	106.76	VERB
pos@vei1976f	@vei1976f	106.76	106.907	PART
pos@vei1976f	@vei1976f	106.907	106.946	ADP
pos@vei1976f	@vei1976f	106.946	107.218	PRON
pos@vei1976f	@vei1976f	107.218	107.405	SCONJ
pos@vei1976f	@vei1976f	107.405	107.501	PRON
pos@vei1976f	@vei1976f	107.501	108.498	ADJ
pos@vei1976f	@vei1976f	108.498	108.75	ADV
pos@vei1976f	@vei1976f	108.75	108.823	PART
pos@vei1976f	@vei1976f	108.823	108.936	ADP
pos@vei1976f	@vei1976f	108.936	111.029	PRON
pos@vei1976f	@vei1976f	111.029	111.192	INTJ
pos@vei1976f	@vei1976f	111.192	111.362	ADV
pos@vei1976f	@vei1976f	111.362	111.647	ADV
pos@vei1976f	@vei1976f	111.647	111.86	ADV
pos@vei1976f	@vei1976f	111.86	111.95	PART
pos@vei1976f	@vei1976f	111.95	112.046	ADP
pos@vei1976f	@vei1976f	112.046	112.083	PRON
pos@vei1976f	@vei1976f	112.083	112.289	PART
pos@vei1976f	@vei1976f	112.289	112.508	VERB
pos@vei1976f	@vei1976f	112.508	112.98	VERB
pos@vei1976f	@vei1976f	112.98	113.126	CCONJ
pos@vei1976f	@vei1976f	113.126	113.312	ADP
pos@vei1976f	@vei1976f	113.312	113.495	PRON
pos@vei1976f	@vei1976f	113.495	113.827	ADJ
pos@vei1976f	@vei1976f	113.827	114.091	VERB
pos@vei1976f	@vei1976f	114.091	114.617	SCONJ
pos@vei1976f	@vei1976f	114.617	114.92	PRON
pos@vei1976f	@vei1976f	114.92	115.319	VERB
pos@vei1976f	@vei1976f	115.319	115.817	VERB
pos@vei1976f	@vei1976f	115.817	116.013	ADP
pos@vei1976f	@vei1976f	116.013	116.611	NOUN
pos@vei1976f	@vei1976f	116.611	117.008	SCONJ
pos@vei1976f	@vei1976f	117.008	117.219	PRON
pos@vei1976f	@vei1976f	117.219	117.431	ADJ
pos@vei1976f	@vei1976f	117.431	117.604	AUX
pos@vei1976f	@vei1976f	117.604	117.94	ADV
pos@vei1976f	@vei1976f	117.94	118.95	ADV
pos@vei1976f	@vei1976f	118.95	119.056	PRON
pos@vei1976f	@vei1976f	119.056	119.352	ADJ
pos@vei1976f	@vei1976f	119.352	119.87	VERB
pos@vei1976f	@vei1976f	119.87	121.021	ADV
pos@vei1976f	@vei1976f	121.021	121.162	PART
pos@vei1976f	@vei1976f	121.162	121.356	PART
pos@vei1976f	@vei1976f	121.356	121.612	ADP
pos@vei1976f	@vei1976f	121.612	121.883	PRON
pos@vei1976f	@vei1976f	121.883	122.427	SCONJ
pos@vei1976f	@vei1976f	122.427	122.745	ADV
pos@vei1976f	@vei1976f	122.745	122.973	ADV
pos@vei1976f	@vei1976f	122.973	123.751	VERB
pos@vei1976f	@vei1976f	123.751	123.925	PART
pos@vei1976f	@vei1976f	123.925	124.213	ADP
pos@vei1976f	@vei1976f	124.213	124.423	DET
pos@vei1976f	@vei1976f	124.423	125.311	NOUN
pos@vei1976f	@vei1976f	125.311	125.965	VERB
pos@vei1976f	@vei1976f	125.965	126.495	PROPN
pos@vei1976f	@vei1976f	126.495	127.809	ADJ
pos@vei1976f	@vei1976f	127.809	128.601	ADV
pos@vei1976f	@vei1976f	128.601	128.977	X
pos@vei1976f	@vei1976f	128.977	129.065	CCONJ
pos@vei1976f	@vei1976f	129.065	129.225	ADV
pos@vei1976f	@vei1976f	129.225	129.5	ADV
pos@vei1976f	@vei1976f	129.5	129.557	ADP
pos@vei1976f	@vei1976f	129.557	129.869	PRON
pos@vei1976f	@vei1976f	129.869	130.057	VERB
pos@vei1976f	@vei1976f	130.057	130.204	DET
pos@vei1976f	@vei1976f	130.204	130.678	ADJ
pos@vei1976f	@vei1976f	130.678	131.153	NOUN
pos@vei1976f	@vei1976f	131.153	132.022	X
pos@vei1976f	@vei1976f	132.022	132.289	PART
pos@vei1976f	@vei1976f	132.289	132.388	PART
pos@vei1976f	@vei1976f	132.388	132.548	ADP
pos@vei1976f	@vei1976f	132.548	133.106	PRON
pos@vei1976f	@vei1976f	133.106	133.661	CCONJ
pos@vei1976f	@vei1976f	133.661	133.766	PRON
pos@vei1976f	@vei1976f	133.766	134.04	ADJ
pos@vei1976f	@vei1976f	134.04	134.455	VERB
pos@vei1976f	@vei1976f	134.455	134.911	ADV
pos@vei1976f	@vei1976f	138.567	138.888	CCONJ
pos@vei1976f	@vei1976f	139.461	139.641	INTJ
pos@vei1976f	@vei1976f	139.641	139.843	PRON
pos@vei1976f	@vei1976f	139.843	140.201	PART
pos@vei1976f	@vei1976f	140.201	140.458	NOUN
pos@vei1976f	@vei1976f	140.458	140.568	ADV
pos@vei1976f	@vei1976f	140.568	140.684	SCONJ
pos@vei1976f	@vei1976f	140.684	140.923	NOUN
pos@vei1976f	@vei1976f	140.923	140.983	PART
pos@vei1976f	@vei1976f	140.983	141.847	VERB
pos@vei1976f	@vei1976f	141.847	142.083	INTJ
pos@vei1976f	@vei1976f	142.083	142.279	PRON
pos@vei1976f	@vei1976f	142.279	142.491	INTJ
pos@vei1976f	@vei1976f	142.491	142.614	PART
pos@vei1976f	@vei1976f	142.614	142.847	SCONJ
pos@vei1976f	@vei1976f	142.847	143.162	PRON
pos@vei1976f	@vei1976f	143.162	143.358	DET
pos@vei1976f	@vei1976f	143.358	143.657	NOUN
pos@vei1976f	@vei1976f	143.657	144.495	NOUN
pos@vei1976f	@vei1976f	144.495	144.661	NOUN
pos@vei1976f	@vei1976f	144.661	144.87	PART
pos@vei1976f	@vei1976f	144.87	145.441	VERB
pos@vei1976f	@vei1976f	145.441	145.694	PRON
pos@vei1976f	@vei1976f	145.694	145.883	SCONJ
pos@vei1976f	@vei1976f	145.883	146.249	DET
pos@vei1976f	@vei1976f	146.249	146.883	NOUN
pos@vei1976f	@vei1976f	146.883	147.247	CCONJ
pos@vei1976f	@vei1976f	147.247	147.455	INTJ
pos@vei1976f	@vei1976f	147.455	147.657	ADV
pos@vei1976f	@vei1976f	147.657	148.186	NOUN
pos@vei1976f	@vei1976f	148.186	148.265	ADP
pos@vei1976f	@vei1976f	148.265	148.448	PRON
pos@vei1976f	@vei1976f	148.448	148.507	ADP
pos@vei1976f	@vei1976f	148.507	148.643	PRON
pos@vei1976f	@vei1976f	148.643	148.861	VERB
pos@vei1976f	@vei1976f	148.861	149.232	PART
pos@vei1976f	@vei1976f	149.232	149.668	ADV
pos@vei1976f	@vei1976f	149.668	150.183	NOUN
pos@vei1976f	@vei1976f	150.183	150.384	SCONJ
pos@vei1976f	@vei1976f	150.384	150.853	PRON
pos@vei1976f	@vei1976f	150.853	151.301	VERB
pos@vei1976f	@vei1976f	151.301	151.725	NOUN
pos@vei1976f	@vei1976f	151.725	151.991	CCONJ
pos@vei1976f	@vei1976f	151.991	152.337	PRON
pos@vei1976f	@vei1976f	152.337	152.71	ADV
pos@vei1976f	@vei1976f	152.71	152.967	PRON
pos@vei1976f	@vei1976f	152.967	153.747	VERB
pos@vei1976f	@vei1976f	153.747	154.144	CCONJ
pos@vei1976f	@vei1976f	154.144	154.592	ADV
pos@vei1976f	@vei1976f	154.592	155.666	VERB
pos@vei1976f	@vei1976f	155.666	156.684	INTJ
pos@vei1976f	@vei1976f	156.684	157.425	CCONJ
pos@vei1976f	@vei1976f	157.425	158.409	ADP
pos@vei1976f	@vei1976f	158.409	158.662	CCONJ
pos@vei1976f	@vei1976f	158.662	159.017	DET
pos@vei1976f	@vei1976f	159.017	159.372	ADV
pos@vei1976f	@vei1976f	159.372	159.865	ADP
pos@vei1976f	@vei1976f	159.865	160.084	ADP
pos@vei1976f	@vei1976f	160.084	160.245	PRON
pos@vei1976f	@vei1976f	160.245	160.363	SCONJ
pos@vei1976f	@vei1976f	160.363	160.576	VERB
pos@vei1976f	@vei1976f	160.576	160.735	DET
pos@vei1976f	@vei1976f	160.735	161.127	NOUN
pos@vei1976f	@vei1976f	161.127	161.871	VERB
pos@vei1976f	@vei1976f	161.871	161.977	CCONJ
pos@vei1976f	@vei1976f	161.977	162.762	VERB
pos@vei1976f	@vei1976f	162.762	163.223	NOUN
pos@vei1976f	@vei1976f	163.223	163.487	NOUN
pos@vei1976f	@vei1976f	163.487	163.658	PRON
pos@vei1976f	@vei1976f	163.658	163.803	ADV
pos@vei1976f	@vei1976f	163.803	164.025	VERB
pos@vei1976f	@vei1976f	164.025	164.509	DET
pos@vei1976f	@vei1976f	164.509	164.993	ADJ
pos@vei1976f	@vei1976f	164.993	165.639	NOUN
pos@vei1976f	@vei1976f	165.639	165.901	ADV
pos@vei1976f	@vei1976f	165.901	166.213	VERB
pos@vei1976f	@vei1976f	166.213	166.453	SCONJ
pos@vei1976f	@vei1976f	166.453	166.841	VERB
pos@vei1976f	@vei1976f	166.841	167.29	PRON
pos@vei1976f	@vei1976f	167.29	168.124	PRON
pos@vei1976f	@vei1976f	168.124	168.308	PRON
pos@vei1976f	@vei1976f	168.308	168.416	ADV
pos@vei1976f	@vei1976f	168.416	168.78	ADV
pos@vei1976f	@vei1976f	168.78	169.144	PRON
pos@vei1976f	@vei1976f	169.144	169.508	ADJ
pos@vei1976f	@vei1976f	169.508	169.872	CCONJ
pos@vei1976f	@vei1976f	169.872	170.008	ADV
pos@vei1976f	@vei1976f	170.008	170.191	PRON
pos@vei1976f	@vei1976f	170.191	170.607	VERB
pos@vei1976f	@vei1976f	170.607	172.277	NOUN
pos@vei1976f	@vei1976f	172.277	172.514	ADV
pos@vei1976f	@vei1976f	172.514	172.621	PART
pos@vei1976f	@vei1976f	172.621	172.843	AUX
pos@vei1976f	@vei1976f	172.843	173.03	VERB
pos@vei1976f	@vei1976f	173.03	173.199	DET
pos@vei1976f	@vei1976f	173.199	173.563	NOUN
pos@vei1976f	@vei1976f	173.563	174.939	CCONJ
pos@vei1976f	@vei1976f	174.939	175.08	VERB
pos@vei1976f	@vei1976f	175.08	175.438	PRON
pos@vei1976f	@vei1976f	175.438	176.466	NOUN
pos@vei1976f	@vei1976f	176.466	176.517	CCONJ
pos@vei1976f	@vei1976f	176.517	176.734	VERB
pos@vei1976f	@vei1976f	176.734	176.903	PART
pos@vei1976f	@vei1976f	176.903	177.585	VERB
pos@vei1976f	@vei1976f	177.585	177.731	CCONJ
pos@vei1976f	@vei1976f	177.731	177.891	PRON
pos@vei1976f	@vei1976f	177.891	178.086	ADV
pos@vei1976f	@vei1976f	178.086	178.197	PRON
pos@vei1976f	@vei1976f	178.197	178.299	PART
pos@vei1976f	@vei1976f	178.299	179.248	VERB
pos@vei1976f	@vei1976f	179.248	179.968	PART
pos@vei1976f	@vei1976f	179.968	180.256	ADV
pos@vei1976f	@vei1976f	180.256	180.61	VERB
pos@vei1976f	@vei1976f	180.61	180.682	ADP
pos@vei1976f	@vei1976f	180.682	181.526	PRON
pos@vei1976f	@vei1976f	181.526	181.686	PRON
pos@vei1976f	@vei1976f	181.686	182.042	VERB
pos@vei1976f	@vei1976f	182.042	182.119	CCONJ
pos@vei1976f	@vei1976f	182.119	182.379	VERB
pos@vei1976f	@vei1976f	182.379	182.648	SCONJ
pos@vei1976f	@vei1976f	182.648	182.928	NOUN
pos@vei1976f	@vei1976f	182.928	183.119	DET
pos@vei1976f	@vei1976f	183.119	183.383	NOUN
pos@vei1976f	@vei1976f	183.383	184.091	ADJ
pos@vei1976f	@vei1976f	184.091	184.375	CCONJ
pos@vei1976f	@vei1976f	184.375	184.741	PRON
pos@vei1976f	@vei1976f	184.741	184.972	VERB
pos@vei1976f	@vei1976f	184.972	185.062	PRON
pos@vei1976f	@vei1976f	185.062	185.136	PART
pos@vei1976f	@vei1976f	185.136	186.483	VERB
pos@vei1976f	@vei1976f	186.483	186.646	PRON
pos@vei1976f	@vei1976f	186.646	186.752	PRON
pos@vei1976f	@vei1976f	186.752	186.997	VERB
pos@vei1976f	@vei1976f	186.997	187.255	PART
pos@vei1976f	@vei1976f	187.255	187.36	PRON
pos@vei1976f	@vei1976f	187.36	187.388	PRON
pos@vei1976f	@vei1976f	187.388	187.769	ADP
pos@vei1976f	@vei1976f	187.769	188.303	NOUN
pos@vei1976f	@vei1976f	188.303	188.507	ADV
pos@vei1976f	@vei1976f	188.507	188.648	DET
pos@vei1976f	@vei1976f	188.648	188.843	PART
pos@vei1976f	@vei1976f	188.843	189.926	NOUN
pos@vei1976f	@vei1976f	189.926	190.628	PART
pos@vei1976f	@vei1976f	190.628	190.879	VERB
pos@vei1976f	@vei1976f	190.879	191.016	PRON
pos@vei1976f	@vei1976f	191.016	191.129	DET
pos@vei1976f	@vei1976f	191.129	192.691	VERB
pos@vei1976f	@vei1976f	192.691	192.849	ADP
pos@vei1976f	@vei1976f	192.849	193.125	NOUN
pos@vei1976f	@vei1976f	193.125	193.401	AUX
pos@vei1976f	@vei1976f	193.401	193.679	DET
pos@vei1976f	@vei1976f	193.679	194.459	ADJ
pos@vei1976f	@vei1976f	194.459	194.549	PRON
pos@vei1976f	@vei1976f	194.549	194.91	PRON
pos@vei1976f	@vei1976f	194.91	196.209	VERB
pos@vei1976f	@vei1976f	196.209	196.381	VERB
pos@vei1976f	@vei1976f	196.381	196.465	PRON
pos@vei1976f	@vei1976f	196.465	196.695	PART
pos@vei1976f	@vei1976f	196.695	196.869	VERB
pos@vei1976f	@vei1976f	196.869	197.104	ADV
pos@vei1976f	@vei1976f	197.104	197.593	PRON
pos@vei1976f	@vei1976f	197.593	197.797	INTJ
pos@vei1976f	@vei1976f	197.797	197.946	PART
pos@vei1976f	@vei1976f	197.946	198.47	VERB
pos@vei1976f	@vei1976f	198.47	198.624	INTJ
pos@vei1976f	@vei1976f	198.624	198.731	PART
pos@vei1976f	@vei1976f	198.731	199.184	VERB
pos@vei1976f	@vei1976f	199.184	200.266	ADV
pos@vei1976f	@vei1976f	200.266	200.485	INTJ
pos@vei1976f	@vei1976f	200.485	200.59	ADV
pos@vei1976f	@vei1976f	200.59	200.659	PRON
pos@vei1976f	@vei1976f	200.659	200.785	DET
pos@vei1976f	@vei1976f	200.785	201.544	VERB
pos@vei1976f	@vei1976f	201.544	201.91	PART
pos@vei1976f	@vei1976f	201.91	202.041	ADP
pos@vei1976f	@vei1976f	202.041	202.288	PRON
pos@vei1976f	@vei1976f	202.288	202.345	PART
pos@vei1976f	@vei1976f	202.345	202.428	ADV
pos@vei1976f	@vei1976f	202.428	203.014	ADV
pos@vei1976f	@vei1976f	203.014	203.505	ADV
pos@vei1976f	@vei1976f	203.505	203.669	PART
pos@vei1976f	@vei1976f	203.669	203.787	ADV
pos@vei1976f	@vei1976f	203.787	204.343	ADV
pos@vei1976f	@vei1976f	204.343	205.257	ADV
pos@vei1976f	@vei1976f	205.257	205.565	DET
pos@vei1976f	@vei1976f	205.565	206.246	NOUN
pos@vei1976f	@vei1976f	206.246	206.78	ADV
pos@vei1976f	@vei1976f	206.78	206.98	ADV
pos@vei1976f	@vei1976f	206.98	207.11	PRON
pos@vei1976f	@vei1976f	207.11	207.274	AUX
pos@vei1976f	@vei1976f	207.274	207.458	ADV
pos@vei1976f	@vei1976f	207.458	207.971	VERB
pos@vei1976f	@vei1976f	207.971	208.388	VERB
pos@vei1976f	@vei1976f	208.388	208.871	PRON
pos@vei1976f	@vei1976f	208.871	209.004	ADP
pos@vei1976f	@vei1976f	209.004	209.397	NOUN
pos@vei1976f	@vei1976f	209.397	209.445	CCONJ
pos@vei1976f	@vei1976f	209.445	209.694	VERB
pos@vei1976f	@vei1976f	209.694	209.924	NOUN
pos@vei1976f	@vei1976f	209.924	210.044	PRON
pos@vei1976f	@vei1976f	210.044	210.266	DET
pos@vei1976f	@vei1976f	210.266	211.037	ADJ
pos@vei1976f	@vei1976f	211.037	211.18	CCONJ
pos@vei1976f	@vei1976f	211.18	211.29	PRON
pos@vei1976f	@vei1976f	211.29	211.45	DET
pos@vei1976f	@vei1976f	211.45	211.957	VERB
pos@vei1976f	@vei1976f	211.957	213.31	ADV
pos@vei1976f	@vei1976f	213.31	213.436	CCONJ
pos@vei1976f	@vei1976f	213.436	213.589	ADV
pos@vei1976f	@vei1976f	213.589	213.689	PRON
pos@vei1976f	@vei1976f	213.689	213.784	ADV
pos@vei1976f	@vei1976f	213.784	214.124	VERB
pos@vei1976f	@vei1976f	214.124	214.616	ADJ
pos@vei1976f	@vei1976f	214.616	214.702	CCONJ
pos@vei1976f	@vei1976f	214.702	215.31	ADV
pos@vei1976f	@vei1976f	215.31	215.503	VERB
pos@vei1976f	@vei1976f	215.503	216.008	DET
pos@vei1976f	@vei1976f	216.008	218.046	VERB
pos@vei1976f	@vei1976f	222.274	222.57	INTJ
pos@vei1976f	@vei1976f	222.57	222.684	PRON
pos@vei1976f	@vei1976f	222.684	222.805	ADV
pos@vei1976f	@vei1976f	222.805	223.341	VERB
pos@vei1976f	@vei1976f	223.341	223.491	INTJ
pos@vei1976f	@vei1976f	223.491	223.624	PRON
pos@vei1976f	@vei1976f	223.624	224.498	PART
pos@vei1976f	@vei1976f	224.498	225.278	INTJ
pos@vei1976f	@vei1976f	225.278	225.647	ADV
pos@vei1976f	@vei1976f	225.647	225.779	ADP
pos@vei1976f	@vei1976f	225.779	226.097	NUM
pos@vei1976f	@vei1976f	226.097	227.077	VERB
pos@vei1976f	@vei1976f	227.077	227.626	INTJ
pos@vei1976f	@vei1976f	227.626	227.768	PRON
pos@vei1976f	@vei1976f	227.768	227.846	ADV
pos@vei1976f	@vei1976f	227.846	228.209	ADV
pos@vei1976f	@vei1976f	228.209	230.051	VERB
pos@vei1976f	@vei1976f	230.051	231.009	SCONJ
pos@vei1976f	@vei1976f	231.009	231.883	PRON
pos@vei1976f	@vei1976f	231.883	232.549	PART
pos@vei1976f	@vei1976f	232.549	232.691	PART
pos@vei1976f	@vei1976f	232.691	232.931	AUX
pos@vei1976f	@vei1976f	232.931	233.051	DET
pos@vei1976f	@vei1976f	233.051	233.602	ADJ
pos@vei1976f	@vei1976f	233.602	233.958	NOUN
pos@vei1976f	@vei1976f	233.958	234.727	DET
pos@vei1976f	@vei1976f	234.727	234.817	SCONJ
pos@vei1976f	@vei1976f	234.817	234.863	PRON
pos@vei1976f	@vei1976f	234.863	235.907	DET
pos@vei1976f	@vei1976f	235.907	236.362	NOUN
pos@vei1976f	@vei1976f	236.362	237.639	NOUN
pos@vei1976f	@vei1976f	237.639	237.729	SCONJ
pos@vei1976f	@vei1976f	237.729	237.873	PRON
pos@vei1976f	@vei1976f	237.873	238.155	ADV
pos@vei1976f	@vei1976f	238.155	238.299	ADV
pos@vei1976f	@vei1976f	238.299	238.51	DET
pos@vei1976f	@vei1976f	238.51	242.12	VERB
pos@vei1976f	@vei1976f	242.12	243.204	PART
pos@vei1976f	@vei1976f	243.204	243.333	PART
pos@vei1976f	@vei1976f	243.333	244.007	ADV
pos@vei1976f	@vei1976f	244.007	244.996	VERB
pos@vei1976f	@vei1976f	244.996	245.135	ADV
pos@vei1976f	@vei1976f	245.135	245.281	PRON
pos@vei1976f	@vei1976f	245.281	245.475	ADV
pos@vei1976f	@vei1976f	245.475	245.709	DET
pos@vei1976f	@vei1976f	245.709	246.287	VERB
pos@vei1976f	@vei1976f	246.287	246.684	ADJ
pos@vei1976f	@vei1976f	246.684	248.85	NOUN
pos@vei1976f	@vei1976f	248.85	248.915	SCONJ
pos@vei1976f	@vei1976f	248.915	249.224	DET
pos@vei1976f	@vei1976f	249.224	249.533	VERB
pos@vei1976f	@vei1976f	249.533	249.842	SCONJ
pos@vei1976f	@vei1976f	249.842	250.154	PRON
pos@vei1976f	@vei1976f	253.643	253.826	PART
pos@vei1976f	@vei1976f	253.826	253.962	PART
pos@vei1976f	@vei1976f	253.962	254.139	ADV
pos@vei1976f	@vei1976f	254.139	254.292	ADV
pos@vei1976f	@vei1976f	254.292	254.447	SCONJ
pos@vei1976f	@vei1976f	254.447	254.652	PART
pos@vei1976f	@vei1976f	254.652	254.733	DET
pos@vei1976f	@vei1976f	254.733	254.852	DET
pos@vei1976f	@vei1976f	254.852	255.336	NOUN
pos@vei1976f	@vei1976f	255.336	255.667	ADP
pos@vei1976f	@vei1976f	255.667	255.998	INTJ
pos@vei1976f	@vei1976f	255.998	256.442	NOUN
pos@vei1976f	@vei1976f	256.442	256.631	ADV
pos@vei1976f	@vei1976f	256.631	257.108	VERB
pos@vei1976f	@vei1976f	257.108	257.439	ADJ
pos@vei1976f	@vei1976f	257.439	257.77	SCONJ
pos@vei1976f	@vei1976f	257.77	258.101	DET
pos@vei1976f	@vei1976f	258.101	258.337	VERB
pos@vei1976f	@vei1976f	258.337	258.668	VERB
pos@vei1976f	@vei1976f	258.668	258.818	DET
pos@vei1976f	@vei1976f	258.818	259.453	PRON
pos@vei1976f	@vei1976f	259.453	259.517	X
pos@vei1976f	@vei1976f	259.517	259.709	NOUN
pos@vei1976f	@vei1976f	259.709	260.315	NOUN
pos@vei1976f	@vei1976f	260.315	260.458	ADV
pos@vei1976f	@vei1976f	260.458	260.535	CCONJ
pos@vei1976f	@vei1976f	260.535	260.607	PRON
pos@vei1976f	@vei1976f	260.607	260.709	PRON
pos@vei1976f	@vei1976f	260.709	260.857	CCONJ
pos@vei1976f	@vei1976f	260.857	260.979	ADV
pos@vei1976f	@vei1976f	260.979	261.17	VERB
pos@vei1976f	@vei1976f	261.17	261.664	VERB
pos@vei1976f	@vei1976f	261.664	262.006	PART
pos@vei1976f	@vei1976f	262.006	262.319	PRON
pos@vei1976f	@vei1976f	262.319	262.973	ADV
pos@vei1976f	@vei1976f	262.973	264.097	NOUN
pos@vei1976f	@vei1976f	264.097	265.195	X
pos@vei1976f	@vei1976f	265.195	265.324	PRON
pos@vei1976f	@vei1976f	265.324	265.566	PART
pos@vei1976f	@vei1976f	265.566	265.875	PRON
pos@vei1976f	@vei1976f	265.875	266.467	PART
pos@vei1976f	@vei1976f	266.467	266.607	PART
pos@vei1976f	@vei1976f	266.607	266.786	SCONJ
pos@vei1976f	@vei1976f	266.786	266.886	PART
pos@vei1976f	@vei1976f	266.886	267.024	PART
pos@vei1976f	@vei1976f	267.024	267.31	PRON
pos@vei1976f	@vei1976f	267.31	267.791	NOUN
pos@vei1976f	@vei1976f	267.791	267.895	PART
pos@vei1976f	@vei1976f	267.895	268.063	ADV
pos@vei1976f	@vei1976f	268.063	268.231	PART
pos@vei1976f	@vei1976f	268.231	268.435	VERB
pos@vei1976f	@vei1976f	268.435	268.512	DET
pos@vei1976f	@vei1976f	268.512	268.655	PRON
pos@vei1976f	@vei1976f	268.655	269.274	ADJ
pos@vei1976f	@vei1976f	269.274	269.335	PART
pos@vei1976f	@vei1976f	269.335	269.458	ADP
pos@vei1976f	@vei1976f	269.458	269.678	PRON
pos@vei1976f	@vei1976f	269.678	269.78	ADV
pos@vei1976f	@vei1976f	269.78	270.319	PRON
pos@vei1976f	@vei1976f	270.319	270.417	CCONJ
pos@vei1976f	@vei1976f	270.417	270.494	PRON
pos@vei1976f	@vei1976f	270.494	270.643	VERB
pos@vei1976f	@vei1976f	270.643	270.759	CCONJ
pos@vei1976f	@vei1976f	270.759	271.909	VERB
pos@vei1976f	@vei1976f	271.909	272.41	INTJ
pos@vei1976f	@vei1976f	272.41	272.522	PART
pos@vei1976f	@vei1976f	272.522	272.706	DET
pos@vei1976f	@vei1976f	272.706	272.965	PRON
pos@vei1976f	@vei1976f	272.965	273.099	PRON
pos@vei1976f	@vei1976f	273.099	276.868	VERB
pos@vei1976f	@vei1976f	276.868	278.263	PART
pos@vei1976f	@vei1976f	278.263	278.392	CCONJ
pos@vei1976f	@vei1976f	278.392	278.501	ADV
pos@vei1976f	@vei1976f	278.501	278.674	PART
pos@vei1976f	@vei1976f	278.674	278.794	PRON
pos@vei1976f	@vei1976f	278.794	279.112	DET
pos@vei1976f	@vei1976f	279.112	280.263	VERB
pos@vei1976f	@vei1976f	280.263	280.337	CCONJ
pos@vei1976f	@vei1976f	280.337	280.451	ADV
pos@vei1976f	@vei1976f	280.451	280.551	PRON
pos@vei1976f	@vei1976f	280.551	280.727	PART
pos@vei1976f	@vei1976f	280.727	281.536	VERB
pos@vei1976f	@vei1976f	281.536	281.58	CCONJ
pos@vei1976f	@vei1976f	281.58	281.674	_
pos@vei1976f	@vei1976f	281.674	281.935	VERB
pos@vei1976f	@vei1976f	281.935	282.061	ADP
pos@vei1976f	@vei1976f	282.061	282.381	PRON
pos@vei1976f	@vei1976f	282.381	282.516	DET
pos@vei1976f	@vei1976f	282.516	282.648	PART
pos@vei1976f	@vei1976f	282.648	283.228	VERB
pos@vei1976f	@vei1976f	283.228	283.392	VERB
pos@vei1976f	@vei1976f	283.392	283.832	VERB
pos@vei1976f	@vei1976f	283.832	284.017	SCONJ
pos@vei1976f	@vei1976f	284.017	284.099	PRON
pos@vei1976f	@vei1976f	284.099	284.319	DET
pos@vei1976f	@vei1976f	284.319	285.187	ADJ
pos@vei1976f	@vei1976f	285.187	285.214	CCONJ
pos@vei1976f	@vei1976f	285.214	285.26	PRON
pos@vei1976f	@vei1976f	285.26	285.484	ADV
pos@vei1976f	@vei1976f	285.484	286.133	VERB
pos@vei1976f	@vei1976f	286.133	286.204	CCONJ
pos@vei1976f	@vei1976f	286.204	286.358	PRON
pos@vei1976f	@vei1976f	286.358	286.454	PART
pos@vei1976f	@vei1976f	286.454	286.73	VERB
pos@vei1976f	@vei1976f	286.73	288.14	VERB
pos@vei1976f	@vei1976f	288.14	288.23	CCONJ
pos@vei1976f	@vei1976f	288.23	288.615	ADV
pos@vei1976f	@vei1976f	288.615	288.819	DET
pos@vei1976f	@vei1976f	288.819	289.524	VERB
pos@vei1976f	@vei1976f	289.524	291.099	NOUN
pos@vei1976f	@vei1976f	291.099	291.231	CCONJ
pos@vei1976f	@vei1976f	291.231	291.389	PRON
pos@vei1976f	@vei1976f	291.389	291.485	ADP
pos@vei1976f	@vei1976f	291.485	291.668	PART
pos@vei1976f	@vei1976f	291.668	292.504	PRON
pos@vei1976f	@vei1976f	292.504	292.971	VERB
pos@vei1976f	@vei1976f	292.971	293.377	ADV
pos@vei1976f	@vei1976f	293.377	293.502	INTJ
pos@vei1976f	@vei1976f	293.502	293.661	PART
pos@vei1976f	@vei1976f	293.661	293.825	ADV
pos@vei1976f	@vei1976f	293.825	294.636	ADV
pos@vei1976f	@vei1976f	294.636	294.717	CCONJ
pos@vei1976f	@vei1976f	294.717	294.79	ADP
pos@vei1976f	@vei1976f	294.79	294.928	PRON
pos@vei1976f	@vei1976f	294.928	295.353	ADP
pos@vei1976f	@vei1976f	295.353	296.008	NOUN
pos@vei1976f	@vei1976f	296.008	296.577	ADV
pos@vei1976f	@vei1976f	296.577	296.886	PART
pos@vei1976f	@vei1976f	296.886	297.299	VERB
pos@vei1976f	@vei1976f	297.299	297.526	CCONJ
pos@vei1976f	@vei1976f	297.526	298.003	ADP
pos@vei1976f	@vei1976f	298.003	298.233	PRON
pos@vei1976f	@vei1976f	298.233	298.625	VERB
pos@vei1976f	@vei1976f	298.625	298.746	CCONJ
pos@vei1976f	@vei1976f	298.746	298.8	ADP
pos@vei1976f	@vei1976f	298.8	298.994	PRON
pos@vei1976f	@vei1976f	298.994	299.108	PART
pos@vei1976f	@vei1976f	299.108	299.387	VERB
pos@vei1976f	@vei1976f	299.387	299.492	CCONJ
pos@vei1976f	@vei1976f	299.492	299.602	PRON
pos@vei1976f	@vei1976f	299.602	300.128	ADV
pos@vei1976f	@vei1976f	300.128	300.286	PRON
pos@vei1976f	@vei1976f	300.286	300.539	ADV
pos@vei1976f	@vei1976f	300.539	300.698	ADV
pos@vei1976f	@vei1976f	300.698	300.802	PRON
pos@vei1976f	@vei1976f	300.802	301.278	VERB
pos@vei1976f	@vei1976f	301.278	301.643	NOUN
pos@vei1976f	@vei1976f	301.643	302.008	INTJ
pos@vei1976f	@vei1976f	302.008	302.242	ADV
pos@vei1976f	@vei1976f	302.242	302.465	INTJ
pos@vei1976f	@vei1976f	302.465	302.681	DET
pos@vei1976f	@vei1976f	302.681	303.172	ADJ
pos@vei1976f	@vei1976f	303.172	303.518	NOUN
pos@vei1976f	@vei1976f	303.518	303.692	ADV
pos@vei1976f	@vei1976f	303.692	303.785	PRON
pos@vei1976f	@vei1976f	303.785	303.895	PART
pos@vei1976f	@vei1976f	303.895	304.176	VERB
pos@vei1976f	@vei1976f	304.176	304.419	ADV
pos@vei1976f	@vei1976f	304.419	304.602	PRON
pos@vei1976f	@vei1976f	304.602	305.071	VERB
pos@vei1976f	@vei1976f	305.071	305.231	CCONJ
pos@vei1976f	@vei1976f	305.231	305.426	ADV
pos@vei1976f	@vei1976f	305.426	305.69	VERB
pos@vei1976f	@vei1976f	305.69	305.854	NOUN
pos@vei1976f	@vei1976f	305.854	306.025	CCONJ
pos@vei1976f	@vei1976f	306.025	306.928	VERB
pos@vei1976f	@vei1976f	306.928	307.844	INTJ
pos@vei1976f	@vei1976f	307.844	307.978	ADV
pos@vei1976f	@vei1976f	307.978	308.126	PRON
pos@vei1976f	@vei1976f	308.126	308.279	PART
pos@vei1976f	@vei1976f	308.279	308.712	VERB
pos@vei1976f	@vei1976f	308.712	309.998	ADP
pos@vei1976f	@vei1976f	309.998	310.216	ADV
pos@vei1976f	@vei1976f	310.216	310.54	PRON
pos@vei1976f	@vei1976f	310.54	310.619	DET
pos@vei1976f	@vei1976f	310.619	311.021	NOUN
pos@vei1976f	@vei1976f	311.021	311.167	ADV
pos@vei1976f	@vei1976f	311.167	311.244	PART
pos@vei1976f	@vei1976f	311.244	311.75	VERB
pos@vei1976f	@vei1976f	311.75	311.884	CCONJ
pos@vei1976f	@vei1976f	311.884	312.003	PART
pos@vei1976f	@vei1976f	312.003	312.324	DET
pos@vei1976f	@vei1976f	312.324	312.6	NOUN
pos@vei1976f	@vei1976f	312.6	313.156	NOUN
pos@vei1976f	@vei1976f	313.156	313.433	PRON
pos@vei1976f	@vei1976f	313.433	314.23	ADV
pos@vei1976f	@vei1976f	314.23	316.149	VERB
pos@vei1976f	@vei1976f	316.149	316.698	VERB
pos@vei1976f	@vei1976f	325.665	326.121	PART
pos@vei1976f	@vei1976f	326.121	327.554	DET
pos@vei1976f	@vei1976f	327.554	328.184	PART
pos@vei1976f	@vei1976f	328.184	328.51	DET
pos@vei1976f	@vei1976f	328.51	328.792	X
pos@vei1976f	@vei1976f	328.792	329.468	NOUN
pos@vei1976f	@vei1976f	335.814	336.594	INTJ
pos@vei1976f	@vei1976f	336.594	336.656	INTJ
pos@vei1976f	@vei1976f	336.656	337.186	VERB
pos@vei1976f	@vei1976f	337.186	337.318	AUX
pos@vei1976f	@vei1976f	337.318	337.45	AUX
pos@vei1976f	@vei1976f	337.45	337.501	CCONJ
pos@vei1976f	@vei1976f	337.501	338.212	ADJ
pos@vei1976f	@vei1976f	338.212	338.39	PRON
pos@vei1976f	@vei1976f	338.39	338.675	VERB
pos@vei1976f	@vei1976f	342.012	342.394	ADV
pos@vei1976f	@vei1976f	342.394	342.736	VERB
pos@vei1976f	@vei1976f	342.736	342.94	SCONJ
pos@vei1976f	@vei1976f	342.94	344.779	ADJ
pos@vei1976f	@vei1976f	344.779	345.017	PRON
pos@vei1976f	@vei1976f	345.017	346.596	ADV
pos@vei1976f	@vei1976f	346.596	347.482	VERB
pos@iys1984f	@iys1984f	0.4	0.622	CCONJ
pos@iys1984f	@iys1984f	0.622	0.844	VERB
pos@iys1984f	@iys1984f	0.844	1.066	NOUN
pos@iys1984f	@iys1984f	1.066	1.288	SCONJ
pos@iys1984f	@iys1984f	1.288	1.481	PRON
pos@iys1984f	@iys1984f	1.481	1.721	PART
pos@iys1984f	@iys1984f	1.721	2.059	ADV
pos@iys1984f	@iys1984f	2.059	2.296	VERB
pos@iys1984f	@iys1984f	2.296	2.533	SCONJ
pos@iys1984f	@iys1984f	2.533	2.77	PRON
pos@iys1984f	@iys1984f	2.77	3.007	PRON
pos@iys1984f	@iys1984f	3.007	3.734	VERB
pos@iys1984f	@iys1984f	3.734	3.887	ADP
pos@iys1984f	@iys1984f	3.887	4.0	DET
pos@iys1984f	@iys1984f	4.0	4.325	NOUN
pos@iys1984f	@iys1984f	4.325	4.65	ADP
pos@iys1984f	@iys1984f	4.65	4.975	PRON
pos@iys1984f	@iys1984f	4.975	5.116	PRON
pos@iys1984f	@iys1984f	5.116	5.629	VERB
pos@iys1984f	@iys1984f	23.808	24.342	PART
pos@iys1984f	@iys1984f	24.342	24.595	ADV
pos@iys1984f	@iys1984f	24.595	24.73	PROPN
pos@iys1984f	@iys1984f	25.334	25.589	VERB
pos@iys1984f	@iys1984f	25.589	25.844	PART
pos@iys1984f	@iys1984f	25.844	26.237	PRON
pos@iys1984f	@iys1984f	26.237	26.425	PART
pos@iys1984f	@iys1984f	26.425	26.613	VERB
pos@iys1984f	@iys1984f	26.613	26.878	DET
pos@iys1984f	@iys1984f	26.878	27.32	NOUN
pos@iys1984f	@iys1984f	27.32	27.467	ADV
pos@iys1984f	@iys1984f	27.467	27.61	PART
pos@iys1984f	@iys1984f	27.61	27.741	ADP
pos@iys1984f	@iys1984f	27.741	27.928	DET
pos@iys1984f	@iys1984f	27.928	28.099	PART
pos@iys1984f	@iys1984f	28.099	28.448	NOUN
pos@iys1984f	@iys1984f	28.448	28.551	PRON
pos@iys1984f	@iys1984f	28.551	28.741	VERB
pos@iys1984f	@iys1984f	28.741	28.919	SCONJ
pos@iys1984f	@iys1984f	28.919	29.024	PRON
pos@iys1984f	@iys1984f	29.024	29.521	ADV
pos@iys1984f	@iys1984f	29.521	29.743	PART
pos@iys1984f	@iys1984f	29.743	30.019	VERB
pos@iys1984f	@iys1984f	30.019	30.295	ADP
pos@iys1984f	@iys1984f	30.295	30.834	NOUN
pos@iys1984f	@iys1984f	30.834	31.068	CCONJ
pos@iys1984f	@iys1984f	31.068	31.171	DET
pos@iys1984f	@iys1984f	31.171	31.436	DET
pos@iys1984f	@iys1984f	31.436	32.153	ADJ
pos@iys1984f	@iys1984f	32.153	32.644	NOUN
pos@iys1984f	@iys1984f	35.307	35.823	INTJ
pos@iys1984f	@iys1984f	52.01	52.307	NOUN
pos@iys1984f	@iys1984f	52.774	52.937	PART
pos@iys1984f	@iys1984f	52.937	53.042	PRON
pos@iys1984f	@iys1984f	53.042	53.534	VERB
pos@iys1984f	@iys1984f	53.534	53.907	PRON
pos@iys1984f	@iys1984f	53.907	54.28	ADV
pos@iys1984f	@iys1984f	54.28	54.653	ADV
pos@iys1984f	@iys1984f	54.653	55.029	VERB
pos@iys1984f	@iys1984f	65.633	65.95	INTJ
pos@iys1984f	@iys1984f	67.845	68.019	PART
pos@iys1984f	@iys1984f	75.032	76.205	X
pos@iys1984f	@iys1984f	84.843	85.024	PART
pos@iys1984f	@iys1984f	85.024	85.121	PRON
pos@iys1984f	@iys1984f	85.121	85.149	ADP
pos@iys1984f	@iys1984f	85.149	85.267	PRON
pos@iys1984f	@iys1984f	85.267	85.548	VERB
pos@iys1984f	@iys1984f	85.548	85.959	INTJ
pos@iys1984f	@iys1984f	85.959	86.327	PART
pos@iys1984f	@iys1984f	86.327	87.18	ADV
pos@iys1984f	@iys1984f	87.18	88.417	NOUN
pos@iys1984f	@iys1984f	88.417	88.557	ADV
pos@iys1984f	@iys1984f	88.557	89.594	PART
pos@iys1984f	@iys1984f	89.594	89.843	INTJ
pos@iys1984f	@iys1984f	89.843	89.959	PRON
pos@iys1984f	@iys1984f	89.959	90.096	PRON
pos@iys1984f	@iys1984f	90.096	90.524	VERB
pos@iys1984f	@iys1984f	90.524	90.8	PROPN
pos@iys1984f	@iys1984f	90.8	90.837	PROPN
pos@iys1984f	@iys1984f	90.837	91.076	ADP
pos@iys1984f	@iys1984f	91.076	91.315	PRON
pos@iys1984f	@iys1984f	91.315	91.554	ADV
pos@iys1984f	@iys1984f	91.554	91.793	VERB
pos@iys1984f	@iys1984f	91.793	92.032	PRON
pos@iys1984f	@iys1984f	92.032	92.271	VERB
pos@iys1984f	@iys1984f	92.271	92.51	SCONJ
pos@iys1984f	@iys1984f	92.51	92.749	PRON
pos@iys1984f	@iys1984f	92.749	92.988	NOUN
pos@iys1984f	@iys1984f	92.988	93.227	CCONJ
pos@iys1984f	@iys1984f	93.227	93.466	SCONJ
pos@iys1984f	@iys1984f	93.466	93.705	PRON
pos@iys1984f	@iys1984f	93.705	93.944	NOUN
pos@iys1984f	@iys1984f	93.944	94.195	VERB
pos@iys1984f	@iys1984f	100.246	100.51	PART
pos@iys1984f	@iys1984f	100.51	100.774	ADP
pos@iys1984f	@iys1984f	100.774	101.038	PRON
pos@iys1984f	@iys1984f	101.038	101.305	NOUN
pos@iys1984f	@iys1984f	102.042	102.352	PRON
pos@iys1984f	@iys1984f	102.352	102.847	VERB
pos@iys1984f	@iys1984f	102.847	103.342	INTJ
pos@iys1984f	@iys1984f	103.342	103.837	PART
pos@iys1984f	@iys1984f	103.837	104.305	ADJ
pos@iys1984f	@iys1984f	104.305	104.975	NOUN
pos@iys1984f	@iys1984f	135.339	135.524	PART
pos@iys1984f	@iys1984f	135.524	135.684	VERB
pos@iys1984f	@iys1984f	135.684	136.088	NOUN
pos@iys1984f	@iys1984f	136.088	136.592	SCONJ
pos@iys1984f	@iys1984f	136.592	136.894	DET
pos@iys1984f	@iys1984f	136.894	137.253	NOUN
pos@iys1984f	@iys1984f	137.253	137.648	NOUN
pos@iys1984f	@iys1984f	137.648	137.924	VERB
pos@iys1984f	@iys1984f	137.924	138.518	NOUN
pos@iys1984f	@iys1984f	212.879	213.127	PRON
pos@iys1984f	@iys1984f	213.127	213.375	X
pos@iys1984f	@iys1984f	217.691	217.849	ADP
pos@iys1984f	@iys1984f	217.849	218.066	PRON
pos@iys1984f	@iys1984f	218.066	218.523	PRON
pos@iys1984f	@iys1984f	218.523	218.791	ADV
pos@iys1984f	@iys1984f	218.791	218.84	ADP
pos@iys1984f	@iys1984f	218.84	218.982	PRON
pos@iys1984f	@iys1984f	218.982	219.407	VERB
pos@iys1984f	@iys1984f	219.407	219.452	ADP
pos@iys1984f	@iys1984f	219.452	221.157	NUM
pos@iys1984f	@iys1984f	221.157	221.728	NOUN
pos@iys1984f	@iys1984f	240.352	240.614	DET
pos@iys1984f	@iys1984f	240.614	241.007	NOUN
pos@iys1984f	@iys1984f	241.007	241.635	NOUN
pos@iys1984f	@iys1984f	241.635	242.263	VERB
pos@iys1984f	@iys1984f	242.263	242.893	PART
pos@iys1984f	@iys1984f	251.014	251.389	ADJ
pos@iys1984f	@iys1984f	251.389	251.965	NOUN
pos@iys1984f	@iys1984f	251.965	252.14	PART
pos@iys1984f	@iys1984f	317.07	317.312	VERB
pos@iys1984f	@iys1984f	317.312	317.558	PRON
pos@iys1984f	@iys1984f	317.558	317.687	ADP
pos@iys1984f	@iys1984f	317.687	317.915	DET
pos@iys1984f	@iys1984f	317.915	318.147	NOUN
pos@iys1984f	@iys1984f	318.147	318.453	DET
pos@iys1984f	@iys1984f	318.453	319.096	NOUN
pos@iys1984f	@iys1984f	319.096	319.314	PRON
pos@iys1984f	@iys1984f	319.314	319.431	ADP
pos@iys1984f	@iys1984f	319.431	319.581	DET
pos@iys1984f	@iys1984f	319.581	319.854	NUM
pos@iys1984f	@iys1984f	319.854	320.946	NOUN
pos@iys1984f	@iys1984f	320.946	321.297	VERB
pos@iys1984f	@iys1984f	321.297	321.696	PRON
pos@iys1984f	@iys1984f	321.696	322.095	ADJ
pos@iys1984f	@iys1984f	322.095	322.305	ADP
pos@iys1984f	@iys1984f	322.305	323.364	PRON
pos@iys1984f	@iys1984f	323.364	323.475	CCONJ
pos@iys1984f	@iys1984f	323.475	323.8	ADV
pos@iys1984f	@iys1984f	323.8	324.065	PART
pos@iys1984f	@iys1984f	324.065	324.478	VERB
pos@iys1984f	@iys1984f	324.478	324.891	PRON
pos@iys1984f	@iys1984f	331.39	331.566	NOUN
pos@iys1984f	@iys1984f	331.566	331.709	INTJ
pos@iys1984f	@iys1984f	331.709	331.806	PRON
pos@iys1984f	@iys1984f	331.806	332.135	ADJ
pos@iys1984f	@iys1984f	332.135	332.581	NOUN
pos@iys1984f	@iys1984f	339.237	339.522	CCONJ
pos@iys1984f	@iys1984f	339.522	339.999	NOUN
pos@iys1984f	@iys1984f	344.232	344.61	X
gestMeaning@vei1976f	@vei1976f	12.348	19.186	нервозность (жест внутреннего состояния)
gestMeaning@vei1976f	@vei1976f	22.336	24.973	одобрение (жест – речевое действие)
gestMeaning@vei1976f	@vei1976f	60.768	62.79	возражение (жест – речевое действие)
gestMeaning@vei1976f	@vei1976f	62.815	65.004	отказ (жест – речевое действие)
gestMeaning@vei1976f	@vei1976f	65.009	66.767	дистанцирование (жест внутреннего состояния)
gestMeaning@vei1976f	@vei1976f	66.777	68.393	общеуказательный (дейктический жест)
gestMeaning@vei1976f	@vei1976f	68.461	74.858	дистанцирование (жест внутреннего состояния)
gestMeaning@vei1976f	@vei1976f	74.878	83.114	неясно
gestMeaning@vei1976f	@vei1976f	83.129	84.705	общедекоративный (декоративный жест)
gestMeaning@vei1976f	@vei1976f	111.024	112.59	изобразительный жест: акцентирование на невозможности действия,о котором идет речь
gestMeaning@vei1976f	@vei1976f	115.625	118.895	дистанцирование (жест внутреннего состояния)
gestMeaning@vei1976f	@vei1976f	118.909	122.628	поддержка коммуникации
gestMeaning@vei1976f	@vei1976f	123.24	131.752	поддержка коммуникации
gestMeaning@vei1976f	@vei1976f	132.85	135.149	поддержка коммуникации
gestMeaning@vei1976f	@vei1976f	149.12	151.989	неясно
gestMeaning@vei1976f	@vei1976f	198.497	199.915	зэщэ
gestMeaning@vei1976f	@vei1976f	306.703	307.152	возмущение (жест внутреннего состояния)
gestMeaning@vei1976f	@vei1976f	307.16	307.691	неясно
gestMeaning@vei1976f	@vei1976f	311.764	312.173	общеуказательный (дейктический жест)
gestMeaning@iys1984f	@iys1984f	25.441	26.673	неясно
gestMeaning@iys1984f	@iys1984f	26.683	27.594	общеуказательный (дейктический жест)
gestMeaning@iys1984f	@iys1984f	27.612	28.459	общеуказательный (дейктический жест)
gestMeaning@iys1984f	@iys1984f	28.477	29.419	отрицание (отрицание (жест – речевое действие))
gestMeaning@iys1984f	@iys1984f	29.43	30.651	поддержка коммуникации
gestMeaning@iys1984f	@iys1984f	30.656	32.556	указание на множество объектов (изобразительный жест)
gestMeaning@iys1984f	@iys1984f	44.054	46.406	сосредоточенность (жест внутреннего состояния)
gestMeaning@iys1984f	@iys1984f	89.582	90.405	общеуказательный (дейктический жест)
gestMeaning@iys1984f	@iys1984f	90.417	91.611	общеуказательный (дейктический жест)
gestMeaning@iys1984f	@iys1984f	102.164	103.214	поддержка коммуникации
gestMeaning@iys1984f	@iys1984f	103.218	104.256	изобразительный жест: показывает степень включенности в предмет,о котором идет речь
gestMeaning@iys1984f	@iys1984f	104.266	106.982	поддержка коммуникации
gestMeaning@iys1984f	@iys1984f	107.033	108.287	дистанцирование (жест внутреннего состояния)
gestMeaning@iys1984f	@iys1984f	232.448	242.023	сосредоточенность (жест внутреннего состояния)
gestMeaning@iys1984f	@iys1984f	242.074	243.875	сосредоточенность (жест внутреннего состояния)
gestMeaning@iys1984f	@iys1984f	289.481	291.644	сосредоточенность (жест внутреннего состояния)
gestMeaning@iys1984f	@iys1984f	291.687	295.462	неясно
gestMeaning@iys1984f	@iys1984f	317.677	318.565	качество (точность) (изобразительный жест)
gestMeaning@iys1984f	@iys1984f	318.573	319.591	качество (точность) (изобразительный жест)
gestMeaning@iys1984f	@iys1984f	319.608	323.969	перечисление (жест – речевое действие)
